index,open,high,low,close,volume,trade_count,vwap,datetime,date,time,minute_of_day,hour
2021-11-10 16:00:00-05:00,100.73,100.95,100.1,100.75,1791528.0,370.0,100.725598,2021-11-10 16:00:00-05:00,2021-11-10,16:00:00,960,16
2021-11-11 16:00:00-05:00,122.83,123.87,122.72,123.5,243042.0,191.0,122.998172,2021-11-11 16:00:00-05:00,2021-11-11,16:00:00,960,16
2021-11-12 16:00:00-05:00,129.95,130.0,129.71,129.71,118206.0,112.0,129.944632,2021-11-12 16:00:00-05:00,2021-11-12,16:00:00,960,16
2021-11-15 16:00:00-05:00,149.36,151.0,149.3,150.6999,212232.0,340.0,149.42444,2021-11-15 16:00:00-05:00,2021-11-15,16:00:00,960,16
2021-11-16 16:00:00-05:00,172.03,172.91,170.85,171.0,14353798.0,976.0,172.009054,2021-11-16 16:00:00-05:00,2021-11-16,16:00:00,960,16
2021-11-17 16:00:00-05:00,146.07,146.11,145.66,146.07,89003.0,88.0,146.073416,2021-11-17 16:00:00-05:00,2021-11-17,16:00:00,960,16
2021-11-18 16:00:00-05:00,123.37,123.38,122.76,123.01,10568328.0,163.0,123.377988,2021-11-18 16:00:00-05:00,2021-11-18,16:00:00,960,16
2021-11-19 16:00:00-05:00,128.6,128.75,128.59,128.73,114043.0,110.0,128.602366,2021-11-19 16:00:00-05:00,2021-11-19,16:00:00,960,16
2021-11-22 16:00:00-05:00,118.41,118.74,117.2,117.22,174068.0,93.0,118.13283,2021-11-22 16:00:00-05:00,2021-11-22,16:00:00,960,16
2021-11-23 16:00:00-05:00,119.85,119.96,119.75,119.96,62429.0,61.0,119.851576,2021-11-23 16:00:00-05:00,2021-11-23,16:00:00,960,16
2021-11-24 16:00:00-05:00,114.85,115.2,114.25,114.95,77211.0,135.0,114.845051,2021-11-24 16:00:00-05:00,2021-11-24,16:00:00,960,16
2021-11-29 16:00:00-05:00,119.77,119.78,119.5,119.77,226353.0,33.0,119.769508,2021-11-29 16:00:00-05:00,2021-11-29,16:00:00,960,16
2021-11-30 16:00:00-05:00,119.88,120.0,118.5,118.65,13198739.0,71.0,119.759901,2021-11-30 16:00:00-05:00,2021-11-30,16:00:00,960,16
2021-12-01 16:00:00-05:00,115.69,115.69,115.69,115.69,162567.0,18.0,115.689941,2021-12-01 16:00:00-05:00,2021-12-01,16:00:00,960,16
2021-12-02 16:00:00-05:00,110.77,110.77,110.3,110.3,453926.0,110.0,110.766038,2021-12-02 16:00:00-05:00,2021-12-02,16:00:00,960,16
2021-12-03 16:00:00-05:00,104.67,104.78,104.67,104.78,176366.0,43.0,104.670053,2021-12-03 16:00:00-05:00,2021-12-03,16:00:00,960,16
2021-12-06 16:00:00-05:00,116.82,117.1,116.72,116.97,222418.0,95.0,116.782925,2021-12-06 16:00:00-05:00,2021-12-06,16:00:00,960,16
2021-12-07 16:00:00-05:00,116.18,116.18,116.0,116.18,318625.0,33.0,116.179418,2021-12-07 16:00:00-05:00,2021-12-07,16:00:00,960,16
2021-12-08 16:00:00-05:00,122.12,122.12,121.08,122.12,272147.0,70.0,122.113924,2021-12-08 16:00:00-05:00,2021-12-08,16:00:00,960,16
2021-12-09 16:00:00-05:00,115.4,115.4,115.3,115.4,286571.0,37.0,115.399664,2021-12-09 16:00:00-05:00,2021-12-09,16:00:00,960,16
2021-12-10 16:00:00-05:00,114.66,114.66,114.5,114.66,185386.0,14.0,114.659786,2021-12-10 16:00:00-05:00,2021-12-10,16:00:00,960,16
2021-12-13 16:00:00-05:00,118.74,118.9,118.62,118.9,233434.0,24.0,118.899685,2021-12-13 16:00:00-05:00,2021-12-13,16:00:00,960,16
2021-12-14 16:00:00-05:00,117.14,117.14,116.87,116.91,221143.0,19.0,117.139562,2021-12-14 16:00:00-05:00,2021-12-14,16:00:00,960,16
2021-12-15 16:00:00-05:00,115.0,115.0,115.0,115.0,293208.0,20.0,114.999812,2021-12-15 16:00:00-05:00,2021-12-15,16:00:00,960,16
2021-12-16 16:00:00-05:00,109.04,109.04,108.87,108.9,268691.0,56.0,108.871089,2021-12-16 16:00:00-05:00,2021-12-16,16:00:00,960,16
2021-12-17 16:00:00-05:00,97.7,97.71,97.36,97.56,10625758.0,25.0,97.699984,2021-12-17 16:00:00-05:00,2021-12-17,16:00:00,960,16
2021-12-20 16:00:00-05:00,89.98,89.98,89.98,89.98,323486.0,22.0,89.979995,2021-12-20 16:00:00-05:00,2021-12-20,16:00:00,960,16
2021-12-21 16:00:00-05:00,96.82,97.0,96.8,96.9,1099562.0,64.0,96.820273,2021-12-21 16:00:00-05:00,2021-12-21,16:00:00,960,16
2021-12-22 16:00:00-05:00,96.34,96.4,96.34,96.4,372441.0,27.0,96.340099,2021-12-22 16:00:00-05:00,2021-12-22,16:00:00,960,16
2021-12-23 16:00:00-05:00,96.84,96.94,96.84,96.94,98253.0,15.0,96.840578,2021-12-23 16:00:00-05:00,2021-12-23,16:00:00,960,16
2021-12-27 16:00:00-05:00,107.09,107.33,106.84,107.09,967898.0,33.0,107.089872,2021-12-27 16:00:00-05:00,2021-12-27,16:00:00,960,16
2021-12-28 16:00:00-05:00,102.87,102.87,102.83,102.87,174990.0,11.0,102.869812,2021-12-28 16:00:00-05:00,2021-12-28,16:00:00,960,16
2021-12-29 16:00:00-05:00,99.34,99.34,99.34,99.34,111517.0,20.0,99.339629,2021-12-29 16:00:00-05:00,2021-12-29,16:00:00,960,16
2021-12-30 16:00:00-05:00,103.42,103.42,103.17,103.42,858379.0,16.0,103.419891,2021-12-30 16:00:00-05:00,2021-12-30,16:00:00,960,16
2021-12-31 16:00:00-05:00,103.69,103.99,103.69,103.69,222799.0,24.0,103.690498,2021-12-31 16:00:00-05:00,2021-12-31,16:00:00,960,16
2022-01-03 16:00:00-05:00,102.72,102.72,102.72,102.72,177778.0,21.0,102.720004,2022-01-03 16:00:00-05:00,2022-01-03,16:00:00,960,16
2022-01-04 16:00:00-05:00,101.42,101.42,101.39,101.39,1188254.0,48.0,101.390652,2022-01-04 16:00:00-05:00,2022-01-04,16:00:00,960,16
2022-01-05 16:00:00-05:00,90.01,90.08,89.8,89.95,71547.0,170.0,90.006496,2022-01-05 16:00:00-05:00,2022-01-05,16:00:00,960,16
2022-01-06 16:00:00-05:00,87.33,87.4,87.3,87.3,143766.0,39.0,87.330014,2022-01-06 16:00:00-05:00,2022-01-06,16:00:00,960,16
2022-01-07 16:00:00-05:00,86.28,86.48,86.2,86.2,192821.0,16.0,86.280305,2022-01-07 16:00:00-05:00,2022-01-07,16:00:00,960,16
2022-01-10 16:00:00-05:00,81.44,81.44,81.43,81.43,94407.0,17.0,81.437132,2022-01-10 16:00:00-05:00,2022-01-10,16:00:00,960,16
2022-01-11 16:00:00-05:00,83.55,83.55,83.5,83.55,190336.0,19.0,83.549975,2022-01-11 16:00:00-05:00,2022-01-11,16:00:00,960,16
2022-01-12 16:00:00-05:00,86.48,86.48,86.48,86.48,234229.0,24.0,86.479987,2022-01-12 16:00:00-05:00,2022-01-12,16:00:00,960,16
2022-01-13 16:00:00-05:00,80.31,80.31,80.31,80.31,216180.0,34.0,80.310148,2022-01-13 16:00:00-05:00,2022-01-13,16:00:00,960,16
2022-01-14 16:00:00-05:00,79.95,79.95,79.9,79.95,141528.0,27.0,79.949839,2022-01-14 16:00:00-05:00,2022-01-14,16:00:00,960,16
2022-01-18 16:00:00-05:00,73.16,73.16,73.16,73.16,173163.0,39.0,73.160054,2022-01-18 16:00:00-05:00,2022-01-18,16:00:00,960,16
2022-01-19 16:00:00-05:00,69.4,69.4,69.17,69.4,149753.0,26.0,69.399843,2022-01-19 16:00:00-05:00,2022-01-19,16:00:00,960,16
2022-01-20 16:00:00-05:00,65.02,65.39,65.02,65.39,253481.0,70.0,65.021663,2022-01-20 16:00:00-05:00,2022-01-20,16:00:00,960,16
2022-01-21 16:00:00-05:00,64.51,64.53,64.44,64.51,1097012.0,29.0,64.509993,2022-01-21 16:00:00-05:00,2022-01-21,16:00:00,960,16
2022-01-24 16:00:00-05:00,63.9,63.9,63.9,63.9,209393.0,28.0,63.899656,2022-01-24 16:00:00-05:00,2022-01-24,16:00:00,960,16
2022-01-25 16:00:00-05:00,59.61,59.66,59.61,59.61,1185501.0,24.0,59.610115,2022-01-25 16:00:00-05:00,2022-01-25,16:00:00,960,16
2022-01-26 16:00:00-05:00,60.27,60.27,60.07,60.27,305563.0,49.0,60.265173,2022-01-26 16:00:00-05:00,2022-01-26,16:00:00,960,16
2022-01-27 16:00:00-05:00,53.94,53.94,53.93,53.94,177860.0,32.0,53.94014,2022-01-27 16:00:00-05:00,2022-01-27,16:00:00,960,16
2022-01-28 16:00:00-05:00,57.12,57.12,57.04,57.12,246251.0,21.0,57.119874,2022-01-28 16:00:00-05:00,2022-01-28,16:00:00,960,16
2022-01-31 16:00:00-05:00,65.74,65.74,65.65,65.69,408938.0,40.0,65.738473,2022-01-31 16:00:00-05:00,2022-01-31,16:00:00,960,16
2022-02-01 16:00:00-05:00,69.62,69.62,69.53,69.62,888565.0,29.0,69.619981,2022-02-01 16:00:00-05:00,2022-02-01,16:00:00,960,16
2022-02-02 16:00:00-05:00,64.32,64.32,64.32,64.32,578054.0,23.0,64.320452,2022-02-02 16:00:00-05:00,2022-02-02,16:00:00,960,16
2022-02-03 16:00:00-05:00,60.36,60.7,60.36,60.36,247265.0,42.0,60.361243,2022-02-03 16:00:00-05:00,2022-02-03,16:00:00,960,16
2022-02-04 16:00:00-05:00,60.87,60.87,60.86,60.86,524091.0,32.0,60.870002,2022-02-04 16:00:00-05:00,2022-02-04,16:00:00,960,16
2022-02-07 16:00:00-05:00,58.36,58.74,58.36,58.36,195222.0,20.0,58.360794,2022-02-07 16:00:00-05:00,2022-02-07,16:00:00,960,16
2022-02-08 16:00:00-05:00,60.95,60.95,60.95,60.95,559751.0,11.0,60.949999,2022-02-08 16:00:00-05:00,2022-02-08,16:00:00,960,16
2022-02-09 16:00:00-05:00,64.53,64.53,64.53,64.53,323910.0,23.0,64.529985,2022-02-09 16:00:00-05:00,2022-02-09,16:00:00,960,16
2022-02-10 16:00:00-05:00,64.72,64.77,64.72,64.77,162380.0,16.0,64.720083,2022-02-10 16:00:00-05:00,2022-02-10,16:00:00,960,16
2022-02-11 16:00:00-05:00,58.85,58.9,58.82,58.82,274797.0,18.0,58.850084,2022-02-11 16:00:00-05:00,2022-02-11,16:00:00,960,16
2022-02-14 16:00:00-05:00,62.65,62.7,62.6,62.68,336410.0,20.0,62.649914,2022-02-14 16:00:00-05:00,2022-02-14,16:00:00,960,16
2022-02-15 16:00:00-05:00,66.29,66.29,66.16,66.16,262209.0,24.0,66.289876,2022-02-15 16:00:00-05:00,2022-02-15,16:00:00,960,16
2022-02-16 16:00:00-05:00,66.25,66.25,66.25,66.25,150297.0,18.0,66.250044,2022-02-16 16:00:00-05:00,2022-02-16,16:00:00,960,16
2022-02-17 16:00:00-05:00,64.81,64.81,64.74,64.74,274470.0,15.0,64.740043,2022-02-17 16:00:00-05:00,2022-02-17,16:00:00,960,16
2022-02-18 16:00:00-05:00,66.3,66.37,66.3,66.37,247067.0,23.0,66.369687,2022-02-18 16:00:00-05:00,2022-02-18,16:00:00,960,16
2022-02-22 16:00:00-05:00,62.44,62.44,62.39,62.39,215140.0,15.0,62.390355,2022-02-22 16:00:00-05:00,2022-02-22,16:00:00,960,16
2022-02-23 16:00:00-05:00,57.53,57.98,57.53,57.98,316803.0,26.0,57.530612,2022-02-23 16:00:00-05:00,2022-02-23,16:00:00,960,16
2022-02-24 16:00:00-05:00,63.73,63.73,63.58,63.58,924301.0,63.0,63.709948,2022-02-24 16:00:00-05:00,2022-02-24,16:00:00,960,16
2022-02-25 16:00:00-05:00,63.36,63.43,63.35,63.43,210006.0,33.0,63.42909,2022-02-25 16:00:00-05:00,2022-02-25,16:00:00,960,16
2022-02-28 16:00:00-05:00,67.56,67.56,67.56,67.56,2694008.0,22.0,67.56,2022-02-28 16:00:00-05:00,2022-02-28,16:00:00,960,16
2022-03-01 16:00:00-05:00,61.91,61.92,61.91,61.92,293557.0,24.0,61.909944,2022-03-01 16:00:00-05:00,2022-03-01,16:00:00,960,16
2022-03-02 16:00:00-05:00,53.56,53.6001,53.56,53.6001,315453.0,69.0,53.560201,2022-03-02 16:00:00-05:00,2022-03-02,16:00:00,960,16
2022-03-03 16:00:00-05:00,50.91,51.0,50.91,51.0,205807.0,54.0,50.9102,2022-03-03 16:00:00-05:00,2022-03-03,16:00:00,960,16
2022-03-04 16:00:00-05:00,47.39,47.39,47.39,47.39,475796.0,50.0,47.38993,2022-03-04 16:00:00-05:00,2022-03-04,16:00:00,960,16
2022-03-07 16:00:00-05:00,42.43,42.6,42.43,42.45,409567.0,65.0,42.430509,2022-03-07 16:00:00-05:00,2022-03-07,16:00:00,960,16
2022-03-08 16:00:00-05:00,42.21,42.22,42.11,42.11,283542.0,34.0,42.20969,2022-03-08 16:00:00-05:00,2022-03-08,16:00:00,960,16
2022-03-09 16:00:00-05:00,43.95,43.95,43.95,43.95,307266.0,20.0,43.95,2022-03-09 16:00:00-05:00,2022-03-09,16:00:00,960,16
2022-03-10 16:00:00-05:00,41.16,41.16,40.75,41.0,413944.0,116.0,41.157957,2022-03-10 16:00:00-05:00,2022-03-10,16:00:00,960,16
2022-03-11 16:00:00-05:00,38.05,38.15,38.05,38.09,527754.0,27.0,38.050144,2022-03-11 16:00:00-05:00,2022-03-11,16:00:00,960,16
2022-03-14 16:00:00-04:00,35.83,36.0,35.83,35.83,637016.0,38.0,35.83043,2022-03-14 16:00:00-04:00,2022-03-14,16:00:00,960,16
2022-03-15 16:00:00-04:00,37.0,37.02,37.0,37.0,679506.0,21.0,37.000005,2022-03-15 16:00:00-04:00,2022-03-15,16:00:00,960,16
2022-03-16 16:00:00-04:00,41.58,41.67,41.58,41.58,296844.0,29.0,41.580066,2022-03-16 16:00:00-04:00,2022-03-16,16:00:00,960,16
2022-03-17 16:00:00-04:00,42.13,42.13,42.13,42.13,299189.0,41.0,42.129992,2022-03-17 16:00:00-04:00,2022-03-17,16:00:00,960,16
2022-03-18 16:00:00-04:00,45.5,45.6,45.5,45.6,3351428.0,24.0,45.599968,2022-03-18 16:00:00-04:00,2022-03-18,16:00:00,960,16
2022-03-21 16:00:00-04:00,43.56,43.6,43.5,43.5,272155.0,22.0,43.559877,2022-03-21 16:00:00-04:00,2022-03-21,16:00:00,960,16
2022-03-22 16:00:00-04:00,46.88,46.93,46.88,46.92,269444.0,29.0,46.929872,2022-03-22 16:00:00-04:00,2022-03-22,16:00:00,960,16
2022-03-23 16:00:00-04:00,45.87,45.87,45.87,45.87,360533.0,10.0,45.870016,2022-03-23 16:00:00-04:00,2022-03-23,16:00:00,960,16
2022-03-24 16:00:00-04:00,48.66,48.66,48.27,48.66,661932.0,22.0,48.659687,2022-03-24 16:00:00-04:00,2022-03-24,16:00:00,960,16
2022-03-25 16:00:00-04:00,46.16,46.16,46.0,46.01,170627.0,25.0,46.159362,2022-03-25 16:00:00-04:00,2022-03-25,16:00:00,960,16
2022-03-28 16:00:00-04:00,46.0,46.0,45.93,45.93,282005.0,19.0,45.979958,2022-03-28 16:00:00-04:00,2022-03-28,16:00:00,960,16
2022-03-29 16:00:00-04:00,53.88,53.88,53.1801,53.1801,2083025.0,46.0,53.879642,2022-03-29 16:00:00-04:00,2022-03-29,16:00:00,960,16
2022-03-30 16:00:00-04:00,51.99,52.18,51.9701,52.01,3437731.0,24.0,52.010017,2022-03-30 16:00:00-04:00,2022-03-30,16:00:00,960,16
2022-03-31 16:00:00-04:00,50.24,50.35,50.23,50.24,3263034.0,20.0,50.240009,2022-03-31 16:00:00-04:00,2022-03-31,16:00:00,960,16
2022-04-01 16:00:00-04:00,46.44,46.55,46.44,46.55,2498094.0,35.0,46.440027,2022-04-01 16:00:00-04:00,2022-04-01,16:00:00,960,16
2022-04-04 16:00:00-04:00,46.53,46.95,46.4706,46.4706,1229784.0,26.0,46.530048,2022-04-04 16:00:00-04:00,2022-04-04,16:00:00,960,16
2022-04-05 16:00:00-04:00,42.19,42.23,42.19,42.19,1347328.0,33.0,42.190018,2022-04-05 16:00:00-04:00,2022-04-05,16:00:00,960,16
2022-04-06 16:00:00-04:00,40.4,40.4,39.92,40.08,560166.0,75.0,40.099227,2022-04-06 16:00:00-04:00,2022-04-06,16:00:00,960,16
2022-04-07 16:00:00-04:00,39.98,40.0,39.9,40.0,588509.0,23.0,39.979828,2022-04-07 16:00:00-04:00,2022-04-07,16:00:00,960,16
2022-04-08 16:00:00-04:00,38.8,38.8,38.79,38.8,473910.0,42.0,38.799872,2022-04-08 16:00:00-04:00,2022-04-08,16:00:00,960,16
2022-04-11 16:00:00-04:00,39.5,39.5,39.5,39.5,324724.0,13.0,39.500123,2022-04-11 16:00:00-04:00,2022-04-11,16:00:00,960,16
2022-04-12 16:00:00-04:00,38.15,38.25,38.14,38.15,314980.0,44.0,38.149995,2022-04-12 16:00:00-04:00,2022-04-12,16:00:00,960,16
2022-04-13 16:00:00-04:00,41.15,41.2,41.0,41.0,431679.0,38.0,41.150197,2022-04-13 16:00:00-04:00,2022-04-13,16:00:00,960,16
2022-04-14 16:00:00-04:00,40.59,40.66,40.59,40.66,267377.0,17.0,40.590072,2022-04-14 16:00:00-04:00,2022-04-14,16:00:00,960,16
2022-04-18 16:00:00-04:00,38.23,38.26,38.23,38.23,246835.0,19.0,38.230123,2022-04-18 16:00:00-04:00,2022-04-18,16:00:00,960,16
2022-04-19 16:00:00-04:00,39.15,39.21,39.14,39.21,1362460.0,16.0,39.150014,2022-04-19 16:00:00-04:00,2022-04-19,16:00:00,960,16
2022-04-20 16:00:00-04:00,36.23,36.68,36.23,36.6,268854.0,34.0,36.233063,2022-04-20 16:00:00-04:00,2022-04-20,16:00:00,960,16
2022-04-21 16:00:00-04:00,33.76,34.08,33.76,33.76,356635.0,20.0,33.760808,2022-04-21 16:00:00-04:00,2022-04-21,16:00:00,960,16
2022-04-22 16:00:00-04:00,33.61,33.61,33.4,33.4,259814.0,34.0,33.609818,2022-04-22 16:00:00-04:00,2022-04-22,16:00:00,960,16
2022-04-25 16:00:00-04:00,33.94,33.95,33.9,33.95,196076.0,15.0,33.900089,2022-04-25 16:00:00-04:00,2022-04-25,16:00:00,960,16
2022-04-26 16:00:00-04:00,30.62,30.68,30.62,30.68,240159.0,34.0,30.67987,2022-04-26 16:00:00-04:00,2022-04-26,16:00:00,960,16
2022-04-27 16:00:00-04:00,31.22,31.45,31.02,31.45,163177.0,23.0,31.220149,2022-04-27 16:00:00-04:00,2022-04-27,16:00:00,960,16
2022-04-28 16:00:00-04:00,32.18,32.27,32.18,32.18,600586.0,16.0,32.190454,2022-04-28 16:00:00-04:00,2022-04-28,16:00:00,960,16
2022-04-29 16:00:00-04:00,30.25,30.3,30.24,30.24,628594.0,33.0,30.240055,2022-04-29 16:00:00-04:00,2022-04-29,16:00:00,960,16
2022-05-02 16:00:00-04:00,31.74,31.87,31.74,31.74,303767.0,33.0,31.740184,2022-05-02 16:00:00-04:00,2022-05-02,16:00:00,960,16
2022-05-03 16:00:00-04:00,31.99,31.99,31.99,31.99,222521.0,13.0,31.990001,2022-05-03 16:00:00-04:00,2022-05-03,16:00:00,960,16
2022-05-04 16:00:00-04:00,33.92,33.92,33.66,33.66,385052.0,30.0,33.9185,2022-05-04 16:00:00-04:00,2022-05-04,16:00:00,960,16
2022-05-05 16:00:00-04:00,30.71,30.71,30.71,30.71,516171.0,15.0,30.710009,2022-05-05 16:00:00-04:00,2022-05-05,16:00:00,960,16
2022-05-06 16:00:00-04:00,28.79,28.79,28.77,28.78,794180.0,123.0,28.789777,2022-05-06 16:00:00-04:00,2022-05-06,16:00:00,960,16
2022-05-09 16:00:00-04:00,22.78,22.87,22.78,22.87,498013.0,31.0,22.780108,2022-05-09 16:00:00-04:00,2022-05-09,16:00:00,960,16
2022-05-10 16:00:00-04:00,22.79,22.87,22.79,22.79,417567.0,17.0,22.790037,2022-05-10 16:00:00-04:00,2022-05-10,16:00:00,960,16
2022-05-11 16:00:00-04:00,20.58,20.69,20.55,20.6,1595500.0,59.0,20.600004,2022-05-11 16:00:00-04:00,2022-05-11,16:00:00,960,16
2022-05-12 16:00:00-04:00,24.29,24.3,24.19,24.24,1371175.0,41.0,24.299835,2022-05-12 16:00:00-04:00,2022-05-12,16:00:00,960,16
2022-05-13 16:00:00-04:00,26.7,26.8,26.55,26.7,309307.0,27.0,26.699968,2022-05-13 16:00:00-04:00,2022-05-13,16:00:00,960,16
2022-05-16 16:00:00-04:00,24.87,24.94,24.8,24.94,397224.0,30.0,24.859734,2022-05-16 16:00:00-04:00,2022-05-16,16:00:00,960,16
2022-05-17 16:00:00-04:00,27.49,27.64,27.251,27.64,258774.0,45.0,27.490888,2022-05-17 16:00:00-04:00,2022-05-17,16:00:00,960,16
2022-05-18 16:00:00-04:00,27.33,27.6,27.29,27.29,457112.0,31.0,27.290904,2022-05-18 16:00:00-04:00,2022-05-18,16:00:00,960,16
2022-05-19 16:00:00-04:00,29.61,29.61,29.53,29.61,530918.0,25.0,29.609933,2022-05-19 16:00:00-04:00,2022-05-19,16:00:00,960,16
2022-05-20 16:00:00-04:00,28.92,28.92,28.91,28.92,434799.0,29.0,28.919993,2022-05-20 16:00:00-04:00,2022-05-20,16:00:00,960,16
2022-05-23 16:00:00-04:00,27.99,27.99,27.58,27.99,574625.0,30.0,27.989325,2022-05-23 16:00:00-04:00,2022-05-23,16:00:00,960,16
2022-05-24 16:00:00-04:00,26.53,26.53,26.51,26.52,2603629.0,19.0,26.529998,2022-05-24 16:00:00-04:00,2022-05-24,16:00:00,960,16
2022-05-25 16:00:00-04:00,27.25,27.25,27.25,27.25,476905.0,16.0,27.249986,2022-05-25 16:00:00-04:00,2022-05-25,16:00:00,960,16
2022-05-26 16:00:00-04:00,29.23,29.25,29.23,29.23,365558.0,18.0,29.230022,2022-05-26 16:00:00-04:00,2022-05-26,16:00:00,960,16
2022-05-27 16:00:00-04:00,30.95,30.96,30.91,30.96,656353.0,32.0,30.959947,2022-05-27 16:00:00-04:00,2022-05-27,16:00:00,960,16
2022-05-31 16:00:00-04:00,31.4,31.4,31.34,31.4,3105562.0,39.0,31.399995,2022-05-31 16:00:00-04:00,2022-05-31,16:00:00,960,16
2022-06-01 16:00:00-04:00,30.25,30.25,30.25,30.25,791857.0,19.0,30.25,2022-06-01 16:00:00-04:00,2022-06-01,16:00:00,960,16
2022-06-02 16:00:00-04:00,31.94,31.97,31.94,31.94,637324.0,14.0,31.940017,2022-06-02 16:00:00-04:00,2022-06-02,16:00:00,960,16
2022-06-03 16:00:00-04:00,30.19,30.3,30.19,30.3,293664.0,25.0,30.190176,2022-06-03 16:00:00-04:00,2022-06-03,16:00:00,960,16
2022-06-06 16:00:00-04:00,28.98,28.98,28.98,28.98,645301.0,23.0,28.98,2022-06-06 16:00:00-04:00,2022-06-06,16:00:00,960,16
2022-06-07 16:00:00-04:00,29.67,29.72,29.4508,29.4508,729923.0,23.0,29.719176,2022-06-07 16:00:00-04:00,2022-06-07,16:00:00,960,16
2022-06-08 16:00:00-04:00,29.8,29.8,29.8,29.8,647267.0,12.0,29.80001,2022-06-08 16:00:00-04:00,2022-06-08,16:00:00,960,16
2022-06-09 16:00:00-04:00,28.87,28.87,28.71,28.86,495412.0,28.0,28.869886,2022-06-09 16:00:00-04:00,2022-06-09,16:00:00,960,16
2022-06-10 16:00:00-04:00,28.36,28.79,28.34,28.79,575390.0,18.0,28.360091,2022-06-10 16:00:00-04:00,2022-06-10,16:00:00,960,16
2022-06-13 16:00:00-04:00,26.85,26.85,26.45,26.45,808450.0,44.0,26.8097,2022-06-13 16:00:00-04:00,2022-06-13,16:00:00,960,16
2022-06-14 16:00:00-04:00,27.3,27.3,27.3,27.3,711536.0,20.0,27.299997,2022-06-14 16:00:00-04:00,2022-06-14,16:00:00,960,16
2022-06-15 16:00:00-04:00,29.08,29.09,29.08,29.09,6536453.0,23.0,29.080002,2022-06-15 16:00:00-04:00,2022-06-15,16:00:00,960,16
2022-06-16 16:00:00-04:00,26.42,26.42,26.31,26.32,6470476.0,15.0,26.419976,2022-06-16 16:00:00-04:00,2022-06-16,16:00:00,960,16
2022-06-17 16:00:00-04:00,26.24,26.24,26.24,26.24,9744841.0,6.0,26.24,2022-06-17 16:00:00-04:00,2022-06-17,16:00:00,960,16
2022-06-21 16:00:00-04:00,29.06,29.07,29.02,29.07,6656905.0,36.0,29.069998,2022-06-21 16:00:00-04:00,2022-06-21,16:00:00,960,16
2022-06-22 16:00:00-04:00,28.56,28.56,28.56,28.56,6579570.0,18.0,28.56,2022-06-22 16:00:00-04:00,2022-06-22,16:00:00,960,16
2022-06-23 16:00:00-04:00,29.47,29.49,29.2002,29.2008,704516.0,25.0,29.469565,2022-06-23 16:00:00-04:00,2022-06-23,16:00:00,960,16
2022-06-24 16:00:00-04:00,29.54,29.54,29.5,29.51,6281437.0,10.0,29.500025,2022-06-24 16:00:00-04:00,2022-06-24,16:00:00,960,16
2022-06-27 16:00:00-04:00,28.44,28.44,28.39,28.39,810985.0,21.0,28.439905,2022-06-27 16:00:00-04:00,2022-06-27,16:00:00,960,16
2022-06-28 16:00:00-04:00,26.99,26.99,26.98,26.99,769821.0,32.0,26.989986,2022-06-28 16:00:00-04:00,2022-06-28,16:00:00,960,16
2022-06-29 16:00:00-04:00,26.26,26.27,26.26,26.27,859192.0,44.0,26.270001,2022-06-29 16:00:00-04:00,2022-06-29,16:00:00,960,16
2022-06-30 16:00:00-04:00,25.74,25.74,25.74,25.74,577994.0,20.0,25.74,2022-06-30 16:00:00-04:00,2022-06-30,16:00:00,960,16
2022-07-01 16:00:00-04:00,25.7,25.7,25.7,25.7,528156.0,14.0,25.700029,2022-07-01 16:00:00-04:00,2022-07-01,16:00:00,960,16
2022-07-05 16:00:00-04:00,26.86,26.9,26.62,26.9,532894.0,21.0,26.85993,2022-07-05 16:00:00-04:00,2022-07-05,16:00:00,960,16
2022-07-06 16:00:00-04:00,29.66,29.66,29.52,29.52,1257024.0,43.0,29.659924,2022-07-06 16:00:00-04:00,2022-07-06,16:00:00,960,16
2022-07-07 16:00:00-04:00,31.63,31.63,31.55,31.61,721562.0,37.0,31.629863,2022-07-07 16:00:00-04:00,2022-07-07,16:00:00,960,16
2022-07-08 16:00:00-04:00,31.97,31.99,31.93,31.93,451430.0,20.0,31.989925,2022-07-08 16:00:00-04:00,2022-07-08,16:00:00,960,16
2022-07-11 16:00:00-04:00,29.93,29.93,29.88,29.88,609138.0,22.0,29.929936,2022-07-11 16:00:00-04:00,2022-07-11,16:00:00,960,16
2022-07-12 16:00:00-04:00,30.15,30.15,30.15,30.15,1064883.0,18.0,30.149997,2022-07-12 16:00:00-04:00,2022-07-12,16:00:00,960,16
2022-07-13 16:00:00-04:00,30.76,30.76,30.58,30.58,411841.0,13.0,30.759891,2022-07-13 16:00:00-04:00,2022-07-13,16:00:00,960,16
2022-07-14 16:00:00-04:00,30.83,30.96,30.83,30.91,446256.0,24.0,30.830205,2022-07-14 16:00:00-04:00,2022-07-14,16:00:00,960,16
2022-07-15 16:00:00-04:00,31.6,31.68,31.51,31.68,724994.0,75.0,31.600349,2022-07-15 16:00:00-04:00,2022-07-15,16:00:00,960,16
2022-07-18 16:00:00-04:00,31.8,31.99,31.8,31.99,625315.0,18.0,31.800055,2022-07-18 16:00:00-04:00,2022-07-18,16:00:00,960,16
2022-07-19 16:00:00-04:00,31.715,31.72,31.71,31.72,896537.0,26.0,31.710003,2022-07-19 16:00:00-04:00,2022-07-19,16:00:00,960,16
2022-07-20 16:00:00-04:00,32.74,32.76,32.7,32.74,794560.0,32.0,32.740011,2022-07-20 16:00:00-04:00,2022-07-20,16:00:00,960,16
2022-07-21 16:00:00-04:00,34.13,34.13,34.09,34.12,663980.0,38.0,34.129954,2022-07-21 16:00:00-04:00,2022-07-21,16:00:00,960,16
2022-07-22 16:00:00-04:00,32.48,32.48,32.47,32.48,665139.0,37.0,32.480025,2022-07-22 16:00:00-04:00,2022-07-22,16:00:00,960,16
2022-07-25 16:00:00-04:00,32.17,32.18,32.17,32.17,540004.0,26.0,32.170006,2022-07-25 16:00:00-04:00,2022-07-25,16:00:00,960,16
2022-07-26 16:00:00-04:00,31.69,31.75,31.69,31.72,562145.0,45.0,31.690305,2022-07-26 16:00:00-04:00,2022-07-26,16:00:00,960,16
2022-07-27 16:00:00-04:00,32.01,32.04,31.97,32.01,679909.0,25.0,32.010001,2022-07-27 16:00:00-04:00,2022-07-27,16:00:00,960,16
2022-07-28 16:00:00-04:00,33.845,33.845,33.66,33.845,500879.0,24.0,33.844906,2022-07-28 16:00:00-04:00,2022-07-28,16:00:00,960,16
2022-07-29 16:00:00-04:00,34.3,34.3,34.09,34.3,5258450.0,49.0,34.299983,2022-07-29 16:00:00-04:00,2022-07-29,16:00:00,960,16
2022-08-01 16:00:00-04:00,34.81,34.81,34.75,34.81,624467.0,24.0,34.80999,2022-08-01 16:00:00-04:00,2022-08-01,16:00:00,960,16
2022-08-02 16:00:00-04:00,35.01,35.021,35.01,35.01,506384.0,37.0,35.01008,2022-08-02 16:00:00-04:00,2022-08-02,16:00:00,960,16
2022-08-03 16:00:00-04:00,36.59,36.59,36.58,36.58,973795.0,38.0,36.590001,2022-08-03 16:00:00-04:00,2022-08-03,16:00:00,960,16
2022-08-04 16:00:00-04:00,36.19,36.19,36.18,36.18,443099.0,30.0,36.180029,2022-08-04 16:00:00-04:00,2022-08-04,16:00:00,960,16
2022-08-05 16:00:00-04:00,35.67,35.67,35.5,35.67,449574.0,25.0,35.669962,2022-08-05 16:00:00-04:00,2022-08-05,16:00:00,960,16
2022-08-08 16:00:00-04:00,38.09,38.09,37.97,37.97,528696.0,34.0,38.089837,2022-08-08 16:00:00-04:00,2022-08-08,16:00:00,960,16
2022-08-09 16:00:00-04:00,36.7,36.7,36.51,36.7,408992.0,76.0,36.698727,2022-08-09 16:00:00-04:00,2022-08-09,16:00:00,960,16
2022-08-10 16:00:00-04:00,37.4,37.45,37.4,37.45,774388.0,39.0,37.400063,2022-08-10 16:00:00-04:00,2022-08-10,16:00:00,960,16
2022-08-11 16:00:00-04:00,38.95,39.1236,38.9,38.99,684685.0,139.0,38.951047,2022-08-11 16:00:00-04:00,2022-08-11,16:00:00,960,16
2022-08-12 16:00:00-04:00,38.9,38.92,38.7269,38.7269,403702.0,70.0,38.89732,2022-08-12 16:00:00-04:00,2022-08-12,16:00:00,960,16
2022-08-15 16:00:00-04:00,37.28,37.28,37.22,37.22,432678.0,54.0,37.279916,2022-08-15 16:00:00-04:00,2022-08-15,16:00:00,960,16
2022-08-16 16:00:00-04:00,38.23,38.23,38.23,38.23,394386.0,33.0,38.22995,2022-08-16 16:00:00-04:00,2022-08-16,16:00:00,960,16
2022-08-17 16:00:00-04:00,36.42,36.42,36.42,36.42,402668.0,28.0,36.420049,2022-08-17 16:00:00-04:00,2022-08-17,16:00:00,960,16
2022-08-18 16:00:00-04:00,35.9,36.1481,35.89,36.1481,449541.0,54.0,35.90049,2022-08-18 16:00:00-04:00,2022-08-18,16:00:00,960,16
2022-08-19 16:00:00-04:00,34.45,34.47,34.41,34.45,501754.0,53.0,34.450043,2022-08-19 16:00:00-04:00,2022-08-19,16:00:00,960,16
2022-08-22 16:00:00-04:00,33.06,33.06,33.06,33.06,391509.0,17.0,33.06,2022-08-22 16:00:00-04:00,2022-08-22,16:00:00,960,16
2022-08-23 16:00:00-04:00,32.21,32.22,32.18,32.21,406983.0,34.0,32.209998,2022-08-23 16:00:00-04:00,2022-08-23,16:00:00,960,16
2022-08-24 16:00:00-04:00,32.56,32.84,32.56,32.83,693692.0,27.0,32.560207,2022-08-24 16:00:00-04:00,2022-08-24,16:00:00,960,16
2022-08-25 16:00:00-04:00,32.9,32.95,32.9,32.95,584376.0,24.0,32.900014,2022-08-25 16:00:00-04:00,2022-08-25,16:00:00,960,16
2022-08-26 16:00:00-04:00,32.11,32.15,32.04,32.06,663700.0,40.0,32.109957,2022-08-26 16:00:00-04:00,2022-08-26,16:00:00,960,16
2022-08-29 16:00:00-04:00,32.31,32.45,32.31,32.42,439187.0,28.0,32.310334,2022-08-29 16:00:00-04:00,2022-08-29,16:00:00,960,16
2022-08-30 16:00:00-04:00,31.89,31.89,31.89,31.89,336379.0,17.0,31.890003,2022-08-30 16:00:00-04:00,2022-08-30,16:00:00,960,16
2022-08-31 16:00:00-04:00,32.71,32.71,32.69,32.71,13656365.0,57.0,32.71,2022-08-31 16:00:00-04:00,2022-08-31,16:00:00,960,16
2022-09-01 16:00:00-04:00,31.95,31.95,31.75,31.75,401720.0,50.0,31.945318,2022-09-01 16:00:00-04:00,2022-09-01,16:00:00,960,16
2022-09-02 16:00:00-04:00,32.07,32.07,32.07,32.07,401949.0,23.0,32.070001,2022-09-02 16:00:00-04:00,2022-09-02,16:00:00,960,16
2022-09-06 16:00:00-04:00,33.22,33.25,33.22,33.25,1153108.0,24.0,33.220027,2022-09-06 16:00:00-04:00,2022-09-06,16:00:00,960,16
2022-09-07 16:00:00-04:00,33.25,33.31,33.25,33.25,578916.0,35.0,33.25003,2022-09-07 16:00:00-04:00,2022-09-07,16:00:00,960,16
2022-09-08 16:00:00-04:00,36.88,36.89,36.81,36.88,1046009.0,100.0,36.879844,2022-09-08 16:00:00-04:00,2022-09-08,16:00:00,960,16
2022-09-09 16:00:00-04:00,37.55,37.6,36.8412,37.48,696248.0,48.0,37.549677,2022-09-09 16:00:00-04:00,2022-09-09,16:00:00,960,16
2022-09-12 16:00:00-04:00,38.74,38.74,38.65,38.65,519472.0,62.0,38.739772,2022-09-12 16:00:00-04:00,2022-09-12,16:00:00,960,16
2022-09-13 16:00:00-04:00,38.76,38.82,38.75,38.76,924444.0,36.0,38.760018,2022-09-13 16:00:00-04:00,2022-09-13,16:00:00,960,16
2022-09-14 16:00:00-04:00,40.09,40.1897,40.07,40.1,2964020.0,50.0,40.100006,2022-09-14 16:00:00-04:00,2022-09-14,16:00:00,960,16
2022-09-15 16:00:00-04:00,39.69,39.77,39.69,39.69,2386478.0,30.0,39.690004,2022-09-15 16:00:00-04:00,2022-09-15,16:00:00,960,16
2022-09-16 16:00:00-04:00,39.26,39.26,39.015,39.02,77688492.0,90.0,39.259974,2022-09-16 16:00:00-04:00,2022-09-16,16:00:00,960,16
2022-09-19 16:00:00-04:00,37.94,37.94,37.94,37.94,2249429.0,36.0,37.939998,2022-09-19 16:00:00-04:00,2022-09-19,16:00:00,960,16
2022-09-20 16:00:00-04:00,35.75,35.77,35.72,35.77,2533296.0,45.0,35.75001,2022-09-20 16:00:00-04:00,2022-09-20,16:00:00,960,16
2022-09-21 16:00:00-04:00,35.1,35.1,35.08,35.1,563500.0,36.0,35.099978,2022-09-21 16:00:00-04:00,2022-09-21,16:00:00,960,16
2022-09-22 16:00:00-04:00,33.32,33.38,33.32,33.38,556190.0,23.0,33.330601,2022-09-22 16:00:00-04:00,2022-09-22,16:00:00,960,16
2022-09-23 16:00:00-04:00,33.56,33.56,33.48,33.49,696627.0,45.0,33.559716,2022-09-23 16:00:00-04:00,2022-09-23,16:00:00,960,16
2022-09-26 16:00:00-04:00,33.85,33.85,33.85,33.85,680028.0,36.0,33.850004,2022-09-26 16:00:00-04:00,2022-09-26,16:00:00,960,16
2022-09-27 16:00:00-04:00,33.79,33.79,33.79,33.79,3119750.0,26.0,33.79,2022-09-27 16:00:00-04:00,2022-09-27,16:00:00,960,16
2022-09-28 16:00:00-04:00,35.08,35.32,35.06,35.32,4425917.0,120.0,35.080381,2022-09-28 16:00:00-04:00,2022-09-28,16:00:00,960,16
2022-09-29 16:00:00-04:00,32.31,32.31,32.31,32.31,2888784.0,51.0,32.310004,2022-09-29 16:00:00-04:00,2022-09-29,16:00:00,960,16
2022-09-30 16:00:00-04:00,32.91,33.0,32.91,32.91,1705863.0,40.0,32.910064,2022-09-30 16:00:00-04:00,2022-09-30,16:00:00,960,16
2022-10-03 16:00:00-04:00,31.89,32.01,31.89,32.01,646599.0,57.0,31.890072,2022-10-03 16:00:00-04:00,2022-10-03,16:00:00,960,16
2022-10-04 16:00:00-04:00,36.3,36.3,36.23,36.3,1264615.0,53.0,36.299927,2022-10-04 16:00:00-04:00,2022-10-04,16:00:00,960,16
2022-10-05 16:00:00-04:00,36.13,36.14,36.06,36.13,979738.0,41.0,36.129987,2022-10-05 16:00:00-04:00,2022-10-05,16:00:00,960,16
2022-10-06 16:00:00-04:00,36.76,36.76,36.68,36.7,905480.0,48.0,36.75988,2022-10-06 16:00:00-04:00,2022-10-06,16:00:00,960,16
2022-10-07 16:00:00-04:00,33.95,33.95,33.9,33.9,767000.0,28.0,33.949972,2022-10-07 16:00:00-04:00,2022-10-07,16:00:00,960,16
2022-10-10 16:00:00-04:00,31.48,31.52,31.48,31.5,604219.0,20.0,31.480047,2022-10-10 16:00:00-04:00,2022-10-10,16:00:00,960,16
2022-10-11 16:00:00-04:00,32.33,32.33,32.33,32.33,1010837.0,17.0,32.330001,2022-10-11 16:00:00-04:00,2022-10-11,16:00:00,960,16
2022-10-12 16:00:00-04:00,32.35,32.35,32.35,32.35,841889.0,32.0,32.35,2022-10-12 16:00:00-04:00,2022-10-12,16:00:00,960,16
2022-10-13 16:00:00-04:00,32.5,32.5,32.5,32.5,533353.0,18.0,32.5,2022-10-13 16:00:00-04:00,2022-10-13,16:00:00,960,16
2022-10-14 16:00:00-04:00,28.71,28.73,28.71,28.73,553400.0,46.0,28.710015,2022-10-14 16:00:00-04:00,2022-10-14,16:00:00,960,16
2022-10-17 16:00:00-04:00,30.7,30.7,30.6899,30.6899,591208.0,16.0,30.699952,2022-10-17 16:00:00-04:00,2022-10-17,16:00:00,960,16
2022-10-18 16:00:00-04:00,31.64,31.7,31.64,31.64,818593.0,46.0,31.641723,2022-10-18 16:00:00-04:00,2022-10-18,16:00:00,960,16
2022-10-19 16:00:00-04:00,31.5,31.5,31.5,31.5,766832.0,32.0,31.499997,2022-10-19 16:00:00-04:00,2022-10-19,16:00:00,960,16
2022-10-20 16:00:00-04:00,30.73,30.81,30.7,30.73,666746.0,44.0,30.729931,2022-10-20 16:00:00-04:00,2022-10-20,16:00:00,960,16
2022-10-21 16:00:00-04:00,31.91,31.92,31.58,31.71,1686203.0,40.0,31.919939,2022-10-21 16:00:00-04:00,2022-10-21,16:00:00,960,16
2022-10-24 16:00:00-04:00,31.34,31.34,31.34,31.34,469954.0,37.0,31.339995,2022-10-24 16:00:00-04:00,2022-10-24,16:00:00,960,16
2022-10-25 16:00:00-04:00,34.49,34.49,34.4,34.49,795386.0,38.0,34.489918,2022-10-25 16:00:00-04:00,2022-10-25,16:00:00,960,16
2022-10-26 16:00:00-04:00,34.44,34.44,34.44,34.44,837804.0,36.0,34.440012,2022-10-26 16:00:00-04:00,2022-10-26,16:00:00,960,16
2022-10-27 16:00:00-04:00,34.5,34.5,34.5,34.5,411517.0,20.0,34.500004,2022-10-27 16:00:00-04:00,2022-10-27,16:00:00,960,16
2022-10-28 16:00:00-04:00,34.48,34.53,34.48,34.48,432687.0,23.0,34.480051,2022-10-28 16:00:00-04:00,2022-10-28,16:00:00,960,16
2022-10-31 16:00:00-04:00,34.97,35.03,34.97,34.97,13866779.0,62.0,34.970004,2022-10-31 16:00:00-04:00,2022-10-31,16:00:00,960,16
2022-11-01 16:00:00-04:00,33.48,33.48,33.41,33.47,776248.0,49.0,33.480005,2022-11-01 16:00:00-04:00,2022-11-01,16:00:00,960,16
2022-11-02 16:00:00-04:00,31.52,31.52,31.488,31.488,818129.0,44.0,31.520078,2022-11-02 16:00:00-04:00,2022-11-02,16:00:00,960,16
2022-11-03 16:00:00-04:00,32.24,32.24,32.16,32.24,413604.0,35.0,32.239809,2022-11-03 16:00:00-04:00,2022-11-03,16:00:00,960,16
2022-11-04 16:00:00-04:00,31.99,32.1,31.8285,31.99,286740.0,36.0,31.98995,2022-11-04 16:00:00-04:00,2022-11-04,16:00:00,960,16
2022-11-07 16:00:00-05:00,31.32,31.32,31.32,31.32,364788.0,37.0,31.320002,2022-11-07 16:00:00-05:00,2022-11-07,16:00:00,960,16
2022-11-08 16:00:00-05:00,31.85,31.85,31.82,31.85,532159.0,30.0,31.849911,2022-11-08 16:00:00-05:00,2022-11-08,16:00:00,960,16
2022-11-09 16:00:00-05:00,28.07,28.08,28.0,28.0,1000418.0,53.0,28.06982,2022-11-09 16:00:00-05:00,2022-11-09,16:00:00,960,16
2022-11-10 16:00:00-05:00,32.96,32.96,32.96,32.96,1064473.0,13.0,32.959999,2022-11-10 16:00:00-05:00,2022-11-10,16:00:00,960,16
2022-11-11 16:00:00-05:00,34.9,34.92,34.89,34.9,654862.0,53.0,34.899998,2022-11-11 16:00:00-05:00,2022-11-11,16:00:00,960,16
2022-11-14 16:00:00-05:00,34.4,34.4,34.3685,34.38,1097457.0,33.0,34.380017,2022-11-14 16:00:00-05:00,2022-11-14,16:00:00,960,16
2022-11-15 16:00:00-05:00,35.15,35.15,35.15,35.15,879260.0,35.0,35.149998,2022-11-15 16:00:00-05:00,2022-11-15,16:00:00,960,16
2022-11-16 16:00:00-05:00,33.32,33.33,33.32,33.33,554419.0,29.0,33.32002,2022-11-16 16:00:00-05:00,2022-11-16,16:00:00,960,16
2022-11-17 16:00:00-05:00,32.08,32.08,32.07,32.07,566576.0,42.0,32.070009,2022-11-17 16:00:00-05:00,2022-11-17,16:00:00,960,16
2022-11-18 16:00:00-05:00,30.34,30.34,30.34,30.34,664411.0,40.0,30.340004,2022-11-18 16:00:00-05:00,2022-11-18,16:00:00,960,16
2022-11-21 16:00:00-05:00,28.41,28.46,28.41,28.42,732998.0,47.0,28.420028,2022-11-21 16:00:00-05:00,2022-11-21,16:00:00,960,16
2022-11-22 16:00:00-05:00,28.94,29.0,28.9393,28.9393,619356.0,34.0,28.940019,2022-11-22 16:00:00-05:00,2022-11-22,16:00:00,960,16
2022-11-23 16:00:00-05:00,29.71,29.71,29.71,29.71,299833.0,39.0,29.710003,2022-11-23 16:00:00-05:00,2022-11-23,16:00:00,960,16
2022-11-28 16:00:00-05:00,28.64,28.7,28.64,28.64,573577.0,29.0,28.640027,2022-11-28 16:00:00-05:00,2022-11-28,16:00:00,960,16
2022-11-29 16:00:00-05:00,28.85,28.85,28.85,28.85,811730.0,33.0,28.850006,2022-11-29 16:00:00-05:00,2022-11-29,16:00:00,960,16
2022-11-30 16:00:00-05:00,32.05,32.05,31.89,32.04,5619860.0,61.0,32.040013,2022-11-30 16:00:00-05:00,2022-11-30,16:00:00,960,16
2022-12-01 16:00:00-05:00,31.48,31.49,31.48,31.48,1184598.0,33.0,31.480002,2022-12-01 16:00:00-05:00,2022-12-01,16:00:00,960,16
2022-12-02 16:00:00-05:00,31.36,31.36,31.13,31.36,511691.0,49.0,31.3592,2022-12-02 16:00:00-05:00,2022-12-02,16:00:00,960,16
2022-12-05 16:00:00-05:00,29.53,29.9997,29.53,29.53,725353.0,39.0,29.530153,2022-12-05 16:00:00-05:00,2022-12-05,16:00:00,960,16
2022-12-06 16:00:00-05:00,27.89,28.0852,27.89,27.89,747923.0,41.0,27.890038,2022-12-06 16:00:00-05:00,2022-12-06,16:00:00,960,16
2022-12-07 16:00:00-05:00,27.94,28.02,27.94,27.94,527073.0,35.0,27.940033,2022-12-07 16:00:00-05:00,2022-12-07,16:00:00,960,16
2022-12-08 16:00:00-05:00,28.58,28.58,28.58,28.58,609721.0,41.0,28.580008,2022-12-08 16:00:00-05:00,2022-12-08,16:00:00,960,16
2022-12-09 16:00:00-05:00,27.29,27.37,27.29,27.32,570081.0,55.0,27.29012,2022-12-09 16:00:00-05:00,2022-12-09,16:00:00,960,16
2022-12-12 16:00:00-05:00,25.61,25.67,25.61,25.64,1074823.0,75.0,25.610087,2022-12-12 16:00:00-05:00,2022-12-12,16:00:00,960,16
2022-12-13 16:00:00-05:00,24.96,24.96,24.96,24.96,946238.0,58.0,24.960067,2022-12-13 16:00:00-05:00,2022-12-13,16:00:00,960,16
2022-12-14 16:00:00-05:00,24.54,24.6,24.51,24.6,1054488.0,61.0,24.540082,2022-12-14 16:00:00-05:00,2022-12-14,16:00:00,960,16
2022-12-15 16:00:00-05:00,23.97,23.97,23.95,23.97,1069861.0,49.0,23.969994,2022-12-15 16:00:00-05:00,2022-12-15,16:00:00,960,16
2022-12-16 16:00:00-05:00,22.48,22.49,22.3,22.48,47104320.0,83.0,22.479996,2022-12-16 16:00:00-05:00,2022-12-16,16:00:00,960,16
2022-12-19 16:00:00-05:00,22.03,22.03,22.01,22.03,1397721.0,33.0,22.029952,2022-12-19 16:00:00-05:00,2022-12-19,16:00:00,960,16
2022-12-20 16:00:00-05:00,21.4,21.42,21.31,21.42,1430831.0,68.0,21.399946,2022-12-20 16:00:00-05:00,2022-12-20,16:00:00,960,16
2022-12-21 16:00:00-05:00,21.03,21.06,21.03,21.03,814185.0,51.0,21.030024,2022-12-21 16:00:00-05:00,2022-12-21,16:00:00,960,16
2022-12-22 16:00:00-05:00,19.72,19.73,19.72,19.72,1609814.0,31.0,19.729987,2022-12-22 16:00:00-05:00,2022-12-22,16:00:00,960,16
2022-12-23 16:00:00-05:00,19.14,19.14,19.0556,19.14,904586.0,46.0,19.139934,2022-12-23 16:00:00-05:00,2022-12-23,16:00:00,960,16
2022-12-27 16:00:00-05:00,17.74,17.78,17.68,17.74,1164796.0,95.0,17.739941,2022-12-27 16:00:00-05:00,2022-12-27,16:00:00,960,16
2022-12-28 16:00:00-05:00,17.74,17.77,17.74,17.74,994583.0,39.0,17.740012,2022-12-28 16:00:00-05:00,2022-12-28,16:00:00,960,16
2022-12-29 16:00:00-05:00,18.73,18.73,18.68,18.73,2163005.0,40.0,18.729988,2022-12-29 16:00:00-05:00,2022-12-29,16:00:00,960,16
2022-12-30 16:00:00-05:00,18.43,18.43,18.43,18.43,1924080.0,46.0,18.429998,2022-12-30 16:00:00-05:00,2022-12-30,16:00:00,960,16
2023-01-03 16:00:00-05:00,17.34,17.35,17.34,17.34,1785626.0,40.0,17.340005,2023-01-03 16:00:00-05:00,2023-01-03,16:00:00,960,16
2023-01-04 16:00:00-05:00,17.71,17.71,17.7,17.71,900966.0,55.0,17.709998,2023-01-04 16:00:00-05:00,2023-01-04,16:00:00,960,16
2023-01-05 16:00:00-05:00,16.57,16.6,16.56,16.56,1644348.0,113.0,16.560025,2023-01-05 16:00:00-05:00,2023-01-05,16:00:00,960,16
2023-01-06 16:00:00-05:00,16.4,16.41,16.4,16.41,1363858.0,54.0,16.400012,2023-01-06 16:00:00-05:00,2023-01-06,16:00:00,960,16
2023-01-09 16:00:00-05:00,16.62,16.62,16.61,16.61,1286848.0,51.0,16.619996,2023-01-09 16:00:00-05:00,2023-01-09,16:00:00,960,16
2023-01-10 16:00:00-05:00,16.45,16.47,16.45,16.46,1174122.0,43.0,16.450009,2023-01-10 16:00:00-05:00,2023-01-10,16:00:00,960,16
2023-01-11 16:00:00-05:00,17.08,17.08,17.08,17.08,1435955.0,34.0,17.079997,2023-01-11 16:00:00-05:00,2023-01-11,16:00:00,960,16
2023-01-12 16:00:00-05:00,17.58,17.6394,17.58,17.58,1093314.0,31.0,17.580011,2023-01-12 16:00:00-05:00,2023-01-12,16:00:00,960,16
2023-01-13 16:00:00-05:00,16.45,16.45,16.42,16.42,1750532.0,48.0,16.44996,2023-01-13 16:00:00-05:00,2023-01-13,16:00:00,960,16
2023-01-17 16:00:00-05:00,16.93,16.93,16.92,16.92,1426863.0,22.0,16.929997,2023-01-17 16:00:00-05:00,2023-01-17,16:00:00,960,16
2023-01-18 16:00:00-05:00,16.5,16.571,16.5,16.5,1301244.0,43.0,16.500008,2023-01-18 16:00:00-05:00,2023-01-18,16:00:00,960,16
2023-01-19 16:00:00-05:00,15.79,15.88,15.76,15.79,1089318.0,57.0,15.790076,2023-01-19 16:00:00-05:00,2023-01-19,16:00:00,960,16
2023-01-20 16:00:00-05:00,16.23,16.23,16.2,16.23,4430687.0,55.0,16.229992,2023-01-20 16:00:00-05:00,2023-01-20,16:00:00,960,16
2023-01-23 16:00:00-05:00,18.1,18.2,18.09,18.16,1410323.0,77.0,18.100365,2023-01-23 16:00:00-05:00,2023-01-23,16:00:00,960,16
2023-01-24 16:00:00-05:00,18.05,18.06,18.05,18.05,1138164.0,39.0,18.050001,2023-01-24 16:00:00-05:00,2023-01-24,16:00:00,960,16
2023-01-25 16:00:00-05:00,18.69,18.7,18.58,18.69,1054757.0,52.0,18.689939,2023-01-25 16:00:00-05:00,2023-01-25,16:00:00,960,16
2023-01-26 16:00:00-05:00,18.31,18.31,18.25,18.31,1337264.0,55.0,18.309949,2023-01-26 16:00:00-05:00,2023-01-26,16:00:00,960,16
2023-01-27 16:00:00-05:00,19.83,19.83,19.8,19.81,1560814.0,212.0,19.829797,2023-01-27 16:00:00-05:00,2023-01-27,16:00:00,960,16
2023-01-30 16:00:00-05:00,18.02,18.0963,18.02,18.02,1273340.0,109.0,18.040085,2023-01-30 16:00:00-05:00,2023-01-30,16:00:00,960,16
2023-01-31 16:00:00-05:00,19.4,19.4,19.35,19.4,2131295.0,66.0,19.399975,2023-01-31 16:00:00-05:00,2023-01-31,16:00:00,960,16
2023-02-01 16:00:00-05:00,19.6985,19.73,19.68,19.71,2261064.0,59.0,19.709987,2023-02-01 16:00:00-05:00,2023-02-01,16:00:00,960,16
2023-02-02 16:00:00-05:00,20.88,20.88,20.86,20.86,1210529.0,49.0,20.879996,2023-02-02 16:00:00-05:00,2023-02-02,16:00:00,960,16
2023-02-03 16:00:00-05:00,19.9099,19.92,19.9,19.92,1236536.0,48.0,19.90001,2023-02-03 16:00:00-05:00,2023-02-03,16:00:00,960,16
2023-02-06 16:00:00-05:00,20.22,20.22,20.22,20.22,847562.0,54.0,20.219993,2023-02-06 16:00:00-05:00,2023-02-06,16:00:00,960,16
2023-02-07 16:00:00-05:00,19.9,19.91,19.85,19.88,1647373.0,52.0,19.909929,2023-02-07 16:00:00-05:00,2023-02-07,16:00:00,960,16
2023-02-08 16:00:00-05:00,20.08,20.1,20.08,20.1,1289840.0,43.0,20.080002,2023-02-08 16:00:00-05:00,2023-02-08,16:00:00,960,16
2023-02-09 16:00:00-05:00,19.42,19.45,19.42,19.42,1097898.0,52.0,19.420006,2023-02-09 16:00:00-05:00,2023-02-09,16:00:00,960,16
2023-02-10 16:00:00-05:00,18.85,18.85,18.79,18.79,1371282.0,58.0,18.84997,2023-02-10 16:00:00-05:00,2023-02-10,16:00:00,960,16
2023-02-13 16:00:00-05:00,18.92,18.92,18.89,18.92,1151395.0,45.0,18.919994,2023-02-13 16:00:00-05:00,2023-02-13,16:00:00,960,16
2023-02-14 16:00:00-05:00,19.49,19.49,19.41,19.41,954728.0,46.0,19.489952,2023-02-14 16:00:00-05:00,2023-02-14,16:00:00,960,16
2023-02-15 16:00:00-05:00,21.15,21.15,21.1,21.12,1329428.0,57.0,21.14992,2023-02-15 16:00:00-05:00,2023-02-15,16:00:00,960,16
2023-02-16 16:00:00-05:00,20.66,20.72,20.66,20.68,1752408.0,76.0,20.680008,2023-02-16 16:00:00-05:00,2023-02-16,16:00:00,960,16
2023-02-17 16:00:00-05:00,20.22,20.22,20.21,20.22,656148.0,49.0,20.219996,2023-02-17 16:00:00-05:00,2023-02-17,16:00:00,960,16
2023-02-21 16:00:00-05:00,19.08,19.11,19.08,19.08,1206276.0,39.0,19.080026,2023-02-21 16:00:00-05:00,2023-02-21,16:00:00,960,16
2023-02-22 16:00:00-05:00,19.02,19.05,19.02,19.02,3630787.0,44.0,19.020012,2023-02-22 16:00:00-05:00,2023-02-22,16:00:00,960,16
2023-02-23 16:00:00-05:00,18.18,18.18,18.18,18.18,1073107.0,30.0,18.18,2023-02-23 16:00:00-05:00,2023-02-23,16:00:00,960,16
2023-02-24 16:00:00-05:00,17.32,17.32,17.28,17.32,1393493.0,58.0,17.319981,2023-02-24 16:00:00-05:00,2023-02-24,16:00:00,960,16
2023-02-27 16:00:00-05:00,18.45,18.45,18.42,18.42,1259559.0,56.0,18.449946,2023-02-27 16:00:00-05:00,2023-02-27,16:00:00,960,16
2023-02-28 16:00:00-05:00,19.3,19.3,18.93,19.15,5501483.0,168.0,19.29903,2023-02-28 16:00:00-05:00,2023-02-28,16:00:00,960,16
2023-03-01 16:00:00-05:00,15.76,15.77,15.75,15.76,1778804.0,111.0,15.759975,2023-03-01 16:00:00-05:00,2023-03-01,16:00:00,960,16
2023-03-02 16:00:00-05:00,15.72,15.72,15.7,15.72,1686288.0,29.0,15.719999,2023-03-02 16:00:00-05:00,2023-03-02,16:00:00,960,16
2023-03-03 16:00:00-05:00,16.92,16.92,16.9,16.92,2103661.0,64.0,16.919989,2023-03-03 16:00:00-05:00,2023-03-03,16:00:00,960,16
2023-03-06 16:00:00-05:00,17.13,17.17,17.13,17.14,1176203.0,53.0,17.130063,2023-03-06 16:00:00-05:00,2023-03-06,16:00:00,960,16
2023-03-07 16:00:00-05:00,14.635,14.66,14.62,14.63,4206655.0,279.0,14.639938,2023-03-07 16:00:00-05:00,2023-03-07,16:00:00,960,16
2023-03-08 16:00:00-05:00,15.13,15.13,15.1017,15.11,1037892.0,22.0,15.129991,2023-03-08 16:00:00-05:00,2023-03-08,16:00:00,960,16
2023-03-09 16:00:00-05:00,14.53,14.57,14.52,14.56,1646722.0,61.0,14.530033,2023-03-09 16:00:00-05:00,2023-03-09,16:00:00,960,16
2023-03-10 16:00:00-05:00,14.16,14.2,14.15,14.19,1390850.0,88.0,14.16006,2023-03-10 16:00:00-05:00,2023-03-10,16:00:00,960,16
2023-03-13 16:00:00-04:00,13.73,13.73,13.71,13.71,1802393.0,64.0,13.729991,2023-03-13 16:00:00-04:00,2023-03-13,16:00:00,960,16
2023-03-14 16:00:00-04:00,13.21,13.23,13.18,13.19,2060867.0,83.0,13.209987,2023-03-14 16:00:00-04:00,2023-03-14,16:00:00,960,16
2023-03-15 16:00:00-04:00,13.03,13.03,12.94,13.03,12286666.0,147.0,13.02988,2023-03-15 16:00:00-04:00,2023-03-15,16:00:00,960,16
2023-03-16 16:00:00-04:00,13.46,13.46,13.46,13.46,11633185.0,50.0,13.46,2023-03-16 16:00:00-04:00,2023-03-16,16:00:00,960,16
2023-03-17 16:00:00-04:00,13.01,13.03,13.01,13.01,19038230.0,54.0,13.010001,2023-03-17 16:00:00-04:00,2023-03-17,16:00:00,960,16
2023-03-20 16:00:00-04:00,13.02,13.02,12.97,12.99,11330553.0,90.0,13.019502,2023-03-20 16:00:00-04:00,2023-03-20,16:00:00,960,16
2023-03-21 16:00:00-04:00,13.61,13.61,13.61,13.61,11093506.0,54.0,13.61,2023-03-21 16:00:00-04:00,2023-03-21,16:00:00,960,16
2023-03-22 16:00:00-04:00,13.29,13.29,13.25,13.25,1860033.0,52.0,13.289993,2023-03-22 16:00:00-04:00,2023-03-22,16:00:00,960,16
2023-03-23 16:00:00-04:00,13.695,13.72,13.69,13.72,830158.0,58.0,13.709993,2023-03-23 16:00:00-04:00,2023-03-23,16:00:00,960,16
2023-03-24 16:00:00-04:00,13.62,13.62,13.6,13.62,1128353.0,48.0,13.619982,2023-03-24 16:00:00-04:00,2023-03-24,16:00:00,960,16
2023-03-27 16:00:00-04:00,13.31,13.4,13.31,13.31,1987651.0,48.0,13.310023,2023-03-27 16:00:00-04:00,2023-03-27,16:00:00,960,16
2023-03-28 16:00:00-04:00,12.98,13.01,12.96,12.98,3571314.0,55.0,12.960011,2023-03-28 16:00:00-04:00,2023-03-28,16:00:00,960,16
2023-03-29 16:00:00-04:00,14.24,14.2815,14.24,14.28,2737847.0,51.0,14.240063,2023-03-29 16:00:00-04:00,2023-03-29,16:00:00,960,16
2023-03-30 16:00:00-04:00,14.4,14.4,14.38,14.4,1954414.0,46.0,14.399999,2023-03-30 16:00:00-04:00,2023-03-30,16:00:00,960,16
2023-03-31 16:00:00-04:00,15.48,15.49,15.42,15.46,1674000.0,54.0,15.479973,2023-03-31 16:00:00-04:00,2023-03-31,16:00:00,960,16
2023-04-03 16:00:00-04:00,15.23,15.23,15.15,15.16,1763080.0,53.0,15.229936,2023-04-03 16:00:00-04:00,2023-04-03,16:00:00,960,16
2023-04-04 16:00:00-04:00,15.38,15.38,15.31,15.38,1904774.0,55.0,15.379979,2023-04-04 16:00:00-04:00,2023-04-04,16:00:00,960,16
2023-04-05 16:00:00-04:00,14.63,14.63,14.59,14.63,2695538.0,42.0,14.629995,2023-04-05 16:00:00-04:00,2023-04-05,16:00:00,960,16
2023-04-06 16:00:00-04:00,14.47,14.47,14.47,14.47,1252468.0,32.0,14.47,2023-04-06 16:00:00-04:00,2023-04-06,16:00:00,960,16
2023-04-10 16:00:00-04:00,14.81,14.83,14.81,14.83,1360817.0,46.0,14.810009,2023-04-10 16:00:00-04:00,2023-04-10,16:00:00,960,16
2023-04-11 16:00:00-04:00,14.74,14.7501,14.74,14.74,1814394.0,34.0,14.740005,2023-04-11 16:00:00-04:00,2023-04-11,16:00:00,960,16
2023-04-12 16:00:00-04:00,14.21,14.21,14.19,14.19,1860631.0,50.0,14.192279,2023-04-12 16:00:00-04:00,2023-04-12,16:00:00,960,16
2023-04-13 16:00:00-04:00,14.37,14.37,14.37,14.37,521009.0,31.0,14.370005,2023-04-13 16:00:00-04:00,2023-04-13,16:00:00,960,16
2023-04-14 16:00:00-04:00,13.38,13.38,13.38,13.38,1708488.0,36.0,13.380001,2023-04-14 16:00:00-04:00,2023-04-14,16:00:00,960,16
2023-04-17 16:00:00-04:00,13.73,13.73,13.6711,13.73,1133503.0,61.0,13.72975,2023-04-17 16:00:00-04:00,2023-04-17,16:00:00,960,16
2023-04-18 16:00:00-04:00,13.43,13.43,13.43,13.43,472710.0,31.0,13.43,2023-04-18 16:00:00-04:00,2023-04-18,16:00:00,960,16
2023-04-19 16:00:00-04:00,12.81,12.85,12.81,12.85,1738722.0,42.0,12.820035,2023-04-19 16:00:00-04:00,2023-04-19,16:00:00,960,16
2023-04-20 16:00:00-04:00,12.35,12.36,12.34,12.34,2128839.0,47.0,12.349998,2023-04-20 16:00:00-04:00,2023-04-20,16:00:00,960,16
2023-04-21 16:00:00-04:00,12.25,12.26,12.23,12.25,1594950.0,49.0,12.249985,2023-04-21 16:00:00-04:00,2023-04-21,16:00:00,960,16
2023-04-24 16:00:00-04:00,12.36,12.36,12.33,12.34,1030433.0,66.0,12.359933,2023-04-24 16:00:00-04:00,2023-04-24,16:00:00,960,16
2023-04-25 16:00:00-04:00,12.0,12.02,12.0,12.02,1635597.0,36.0,12.000005,2023-04-25 16:00:00-04:00,2023-04-25,16:00:00,960,16
2023-04-26 16:00:00-04:00,12.04,12.06,12.04,12.06,1044882.0,61.0,12.040025,2023-04-26 16:00:00-04:00,2023-04-26,16:00:00,960,16
2023-04-27 16:00:00-04:00,12.67,12.67,12.67,12.67,851598.0,36.0,12.669998,2023-04-27 16:00:00-04:00,2023-04-27,16:00:00,960,16
2023-04-28 16:00:00-04:00,12.82,12.83,12.82,12.83,8689555.0,42.0,12.82,2023-04-28 16:00:00-04:00,2023-04-28,16:00:00,960,16
2023-05-01 16:00:00-04:00,12.65,12.65,12.65,12.65,1729111.0,29.0,12.65,2023-05-01 16:00:00-04:00,2023-05-01,16:00:00,960,16
2023-05-02 16:00:00-04:00,12.68,12.7,12.61,12.61,1281653.0,43.0,12.679973,2023-05-02 16:00:00-04:00,2023-05-02,16:00:00,960,16
2023-05-03 16:00:00-04:00,12.81,12.8592,12.81,12.81,814260.0,39.0,12.810114,2023-05-03 16:00:00-04:00,2023-05-03,16:00:00,960,16
2023-05-04 16:00:00-04:00,12.95,12.95,12.95,12.95,1092680.0,32.0,12.950001,2023-05-04 16:00:00-04:00,2023-05-04,16:00:00,960,16
2023-05-05 16:00:00-04:00,13.41,13.41,13.41,13.41,1226494.0,44.0,13.41,2023-05-05 16:00:00-04:00,2023-05-05,16:00:00,960,16
2023-05-08 16:00:00-04:00,13.87,13.87,13.85,13.85,1803035.0,34.0,13.869996,2023-05-08 16:00:00-04:00,2023-05-08,16:00:00,960,16
2023-05-09 16:00:00-04:00,13.86,13.88,13.85,13.8783,875596.0,69.0,13.860037,2023-05-09 16:00:00-04:00,2023-05-09,16:00:00,960,16
2023-05-10 16:00:00-04:00,14.11,14.11,14.1,14.1,2338597.0,43.0,14.109995,2023-05-10 16:00:00-04:00,2023-05-10,16:00:00,960,16
2023-05-11 16:00:00-04:00,13.84,13.84,13.84,13.84,1711799.0,36.0,13.84,2023-05-11 16:00:00-04:00,2023-05-11,16:00:00,960,16
2023-05-12 16:00:00-04:00,12.91,12.95,12.85,12.9,2206815.0,149.0,12.909943,2023-05-12 16:00:00-04:00,2023-05-12,16:00:00,960,16
2023-05-15 16:00:00-04:00,13.44,13.47,13.44,13.44,1612768.0,47.0,13.439997,2023-05-15 16:00:00-04:00,2023-05-15,16:00:00,960,16
2023-05-16 16:00:00-04:00,13.08,13.08,13.08,13.08,1449759.0,27.0,13.08,2023-05-16 16:00:00-04:00,2023-05-16,16:00:00,960,16
2023-05-17 16:00:00-04:00,13.41,13.43,13.41,13.43,1559999.0,32.0,13.410026,2023-05-17 16:00:00-04:00,2023-05-17,16:00:00,960,16
2023-05-18 16:00:00-04:00,13.54,13.54,13.52,13.52,1139500.0,39.0,13.539996,2023-05-18 16:00:00-04:00,2023-05-18,16:00:00,960,16
2023-05-19 16:00:00-04:00,13.47,13.47,13.47,13.47,1975224.0,47.0,13.469999,2023-05-19 16:00:00-04:00,2023-05-19,16:00:00,960,16
2023-05-22 16:00:00-04:00,14.23,14.23,14.22,14.22,1125033.0,47.0,14.229975,2023-05-22 16:00:00-04:00,2023-05-22,16:00:00,960,16
2023-05-23 16:00:00-04:00,14.2,14.2,14.18,14.18,1175235.0,42.0,14.199992,2023-05-23 16:00:00-04:00,2023-05-23,16:00:00,960,16
2023-05-24 16:00:00-04:00,14.38,14.38,14.3709,14.38,698148.0,25.0,14.379972,2023-05-24 16:00:00-04:00,2023-05-24,16:00:00,960,16
2023-05-25 16:00:00-04:00,14.57,14.57,14.56,14.56,837898.0,44.0,14.569996,2023-05-25 16:00:00-04:00,2023-05-25,16:00:00,960,16
2023-05-26 16:00:00-04:00,15.14,15.15,15.14,15.15,2509510.0,64.0,15.140001,2023-05-26 16:00:00-04:00,2023-05-26,16:00:00,960,16
2023-05-30 16:00:00-04:00,14.87,14.87,14.86,14.86,1100211.0,52.0,14.869998,2023-05-30 16:00:00-04:00,2023-05-30,16:00:00,960,16
2023-05-31 16:00:00-04:00,14.76,14.76,14.64,14.68,18897051.0,63.0,14.729669,2023-05-31 16:00:00-04:00,2023-05-31,16:00:00,960,16
2023-06-01 16:00:00-04:00,14.58,14.58,14.57,14.57,2088947.0,33.0,14.579999,2023-06-01 16:00:00-04:00,2023-06-01,16:00:00,960,16
2023-06-02 16:00:00-04:00,14.48,14.48,14.4795,14.4795,2313925.0,48.0,14.48,2023-06-02 16:00:00-04:00,2023-06-02,16:00:00,960,16
2023-06-05 16:00:00-04:00,14.34,14.34,14.31,14.33,1131669.0,66.0,14.339953,2023-06-05 16:00:00-04:00,2023-06-05,16:00:00,960,16
2023-06-06 16:00:00-04:00,14.5,14.52,14.5,14.5,846528.0,42.0,14.500006,2023-06-06 16:00:00-04:00,2023-06-06,16:00:00,960,16
2023-06-07 16:00:00-04:00,13.85,13.89,13.82,13.89,1522151.0,98.0,13.820132,2023-06-07 16:00:00-04:00,2023-06-07,16:00:00,960,16
2023-06-08 16:00:00-04:00,14.05,14.05,14.04,14.05,766416.0,53.0,14.049998,2023-06-08 16:00:00-04:00,2023-06-08,16:00:00,960,16
2023-06-09 16:00:00-04:00,13.87,13.91,13.87,13.91,664300.0,62.0,13.870268,2023-06-09 16:00:00-04:00,2023-06-09,16:00:00,960,16
2023-06-12 16:00:00-04:00,14.0,14.0,14.0,14.0,1050742.0,34.0,13.999999,2023-06-12 16:00:00-04:00,2023-06-12,16:00:00,960,16
2023-06-13 16:00:00-04:00,15.235,15.25,15.19,15.22,1629247.0,56.0,15.249927,2023-06-13 16:00:00-04:00,2023-06-13,16:00:00,960,16
2023-06-14 16:00:00-04:00,14.74,14.79,14.74,14.74,1490566.0,97.0,14.740096,2023-06-14 16:00:00-04:00,2023-06-14,16:00:00,960,16
2023-06-15 16:00:00-04:00,15.24,15.25,15.24,15.24,1091227.0,42.0,15.24001,2023-06-15 16:00:00-04:00,2023-06-15,16:00:00,960,16
2023-06-16 16:00:00-04:00,14.85,14.89,14.85,14.88,23816647.0,80.0,14.879999,2023-06-16 16:00:00-04:00,2023-06-16,16:00:00,960,16
2023-06-20 16:00:00-04:00,15.7,15.7,15.69,15.69,1456620.0,53.0,15.699998,2023-06-20 16:00:00-04:00,2023-06-20,16:00:00,960,16
2023-06-21 16:00:00-04:00,14.62,14.62,14.58,14.58,677042.0,54.0,14.619923,2023-06-21 16:00:00-04:00,2023-06-21,16:00:00,960,16
2023-06-22 16:00:00-04:00,14.15,14.16,14.15,14.16,919120.0,44.0,14.150015,2023-06-22 16:00:00-04:00,2023-06-22,16:00:00,960,16
2023-06-23 16:00:00-04:00,13.53,13.53,13.5,13.5281,2214132.0,310.0,13.529215,2023-06-23 16:00:00-04:00,2023-06-23,16:00:00,960,16
2023-06-26 16:00:00-04:00,13.45,13.45,13.41,13.42,744675.0,59.0,13.449688,2023-06-26 16:00:00-04:00,2023-06-26,16:00:00,960,16
2023-06-27 16:00:00-04:00,13.94,13.94,13.91,13.91,940062.0,45.0,13.939971,2023-06-27 16:00:00-04:00,2023-06-27,16:00:00,960,16
2023-06-28 16:00:00-04:00,14.63,14.64,14.61,14.64,968141.0,38.0,14.639829,2023-06-28 16:00:00-04:00,2023-06-28,16:00:00,960,16
2023-06-29 16:00:00-04:00,16.01,16.01,15.98,16.01,1034133.0,97.0,16.009961,2023-06-29 16:00:00-04:00,2023-06-29,16:00:00,960,16
2023-06-30 16:00:00-04:00,16.66,16.68,16.65,16.68,1790538.0,60.0,16.660067,2023-06-30 16:00:00-04:00,2023-06-30,16:00:00,960,16
2023-07-03 16:00:00-04:00,19.44,19.46,19.44,19.44,4279.0,29.0,19.445473,2023-07-03 16:00:00-04:00,2023-07-03,16:00:00,960,16
2023-07-05 16:00:00-04:00,20.45,20.45,20.35,20.38,2046225.0,145.0,20.429788,2023-07-05 16:00:00-04:00,2023-07-05,16:00:00,960,16
2023-07-06 16:00:00-04:00,21.62,21.7,21.59,21.68,3360122.0,204.0,21.620171,2023-07-06 16:00:00-04:00,2023-07-06,16:00:00,960,16
2023-07-07 16:00:00-04:00,24.675,24.72,24.675,24.71,1882470.0,164.0,24.699949,2023-07-07 16:00:00-04:00,2023-07-07,16:00:00,960,16
2023-07-10 16:00:00-04:00,25.51,25.54,25.42,25.52,1915816.0,146.0,25.509532,2023-07-10 16:00:00-04:00,2023-07-10,16:00:00,960,16
2023-07-11 16:00:00-04:00,24.85,24.85,24.8,24.8,1379695.0,131.0,24.849807,2023-07-11 16:00:00-04:00,2023-07-11,16:00:00,960,16
2023-07-12 16:00:00-04:00,25.89,25.95,25.87,25.93,1194668.0,108.0,25.909999,2023-07-12 16:00:00-04:00,2023-07-12,16:00:00,960,16
2023-07-13 16:00:00-04:00,25.52,25.54,25.5,25.51,858570.0,73.0,25.519859,2023-07-13 16:00:00-04:00,2023-07-13,16:00:00,960,16
2023-07-14 16:00:00-04:00,24.82,24.82,24.72,24.77,555345.0,153.0,24.817926,2023-07-14 16:00:00-04:00,2023-07-14,16:00:00,960,16
2023-07-17 16:00:00-04:00,23.99,23.99,23.95,23.97,1006054.0,81.0,23.989879,2023-07-17 16:00:00-04:00,2023-07-17,16:00:00,960,16
2023-07-18 16:00:00-04:00,24.69,24.72,24.65,24.65,757581.0,54.0,24.689998,2023-07-18 16:00:00-04:00,2023-07-18,16:00:00,960,16
2023-07-19 16:00:00-04:00,24.815,24.84,24.81,24.81,926308.0,65.0,24.829977,2023-07-19 16:00:00-04:00,2023-07-19,16:00:00,960,16
2023-07-20 16:00:00-04:00,25.78,25.83,25.71,25.8,961535.0,154.0,25.808342,2023-07-20 16:00:00-04:00,2023-07-20,16:00:00,960,16
2023-07-21 16:00:00-04:00,25.27,25.27,25.2,25.21,743045.0,75.0,25.26952,2023-07-21 16:00:00-04:00,2023-07-21,16:00:00,960,16
2023-07-24 16:00:00-04:00,25.81,25.81,25.7992,25.8,1182631.0,55.0,25.80998,2023-07-24 16:00:00-04:00,2023-07-24,16:00:00,960,16
2023-07-25 16:00:00-04:00,25.35,25.38,25.35,25.3785,589111.0,63.0,25.351538,2023-07-25 16:00:00-04:00,2023-07-25,16:00:00,960,16
2023-07-26 16:00:00-04:00,27.15,27.19,27.11,27.16,896378.0,118.0,27.150172,2023-07-26 16:00:00-04:00,2023-07-26,16:00:00,960,16
2023-07-27 16:00:00-04:00,26.05,26.11,26.05,26.11,1792165.0,84.0,26.218399,2023-07-27 16:00:00-04:00,2023-07-27,16:00:00,960,16
2023-07-28 16:00:00-04:00,26.94,26.97,26.9393,26.9504,878087.0,63.0,26.940073,2023-07-28 16:00:00-04:00,2023-07-28,16:00:00,960,16
2023-07-31 16:00:00-04:00,27.64,27.74,27.6004,27.62,1342495.0,77.0,27.639847,2023-07-31 16:00:00-04:00,2023-07-31,16:00:00,960,16
2023-08-01 16:00:00-04:00,27.3,27.31,27.3,27.3001,535672.0,49.0,27.300007,2023-08-01 16:00:00-04:00,2023-08-01,16:00:00,960,16
2023-08-02 16:00:00-04:00,25.91,25.93,25.91,25.93,702126.0,53.0,25.910025,2023-08-02 16:00:00-04:00,2023-08-02,16:00:00,960,16
2023-08-03 16:00:00-04:00,26.5,26.5,26.44,26.46,1035356.0,54.0,26.499946,2023-08-03 16:00:00-04:00,2023-08-03,16:00:00,960,16
2023-08-04 16:00:00-04:00,25.26,25.3,25.25,25.3,516809.0,49.0,25.260019,2023-08-04 16:00:00-04:00,2023-08-04,16:00:00,960,16
2023-08-07 16:00:00-04:00,24.28,24.3,24.22,24.23,714528.0,59.0,24.279805,2023-08-07 16:00:00-04:00,2023-08-07,16:00:00,960,16
2023-08-08 16:00:00-04:00,24.8,24.98,24.77,24.85,578859.0,112.0,24.802817,2023-08-08 16:00:00-04:00,2023-08-08,16:00:00,960,16
2023-08-09 16:00:00-04:00,22.35,22.36,22.3,22.33,1008039.0,138.0,22.349779,2023-08-09 16:00:00-04:00,2023-08-09,16:00:00,960,16
2023-08-10 16:00:00-04:00,21.91,21.96,21.91,21.96,334504.0,24.0,21.910402,2023-08-10 16:00:00-04:00,2023-08-10,16:00:00,960,16
2023-08-11 16:00:00-04:00,21.57,21.61,21.56,21.56,723698.0,34.0,21.570004,2023-08-11 16:00:00-04:00,2023-08-11,16:00:00,960,16
2023-08-14 16:00:00-04:00,21.56,21.57,21.54,21.54,1341806.0,47.0,21.560002,2023-08-14 16:00:00-04:00,2023-08-14,16:00:00,960,16
2023-08-15 16:00:00-04:00,20.78,20.79,20.78,20.79,696020.0,31.0,20.780005,2023-08-15 16:00:00-04:00,2023-08-15,16:00:00,960,16
2023-08-16 16:00:00-04:00,21.04,21.04,21.04,21.04,874614.0,35.0,21.040001,2023-08-16 16:00:00-04:00,2023-08-16,16:00:00,960,16
2023-08-17 16:00:00-04:00,20.95,20.99,20.85,20.85,1327426.0,34.0,20.950012,2023-08-17 16:00:00-04:00,2023-08-17,16:00:00,960,16
2023-08-18 16:00:00-04:00,20.78,20.82,20.75,20.82,814142.0,48.0,20.780016,2023-08-18 16:00:00-04:00,2023-08-18,16:00:00,960,16
2023-08-21 16:00:00-04:00,21.18,21.18,21.17,21.17,506944.0,36.0,21.179978,2023-08-21 16:00:00-04:00,2023-08-21,16:00:00,960,16
2023-08-22 16:00:00-04:00,20.08,20.14,20.08,20.11,1695483.0,46.0,20.080017,2023-08-22 16:00:00-04:00,2023-08-22,16:00:00,960,16
2023-08-23 16:00:00-04:00,20.32,20.32,20.3,20.3,462248.0,37.0,20.319996,2023-08-23 16:00:00-04:00,2023-08-23,16:00:00,960,16
2023-08-24 16:00:00-04:00,19.64,19.64,19.64,19.64,714729.0,36.0,19.640001,2023-08-24 16:00:00-04:00,2023-08-24,16:00:00,960,16
2023-08-25 16:00:00-04:00,20.07,20.15,20.07,20.15,601535.0,31.0,20.070334,2023-08-25 16:00:00-04:00,2023-08-25,16:00:00,960,16
2023-08-28 16:00:00-04:00,20.53,20.53,20.53,20.53,543049.0,29.0,20.529997,2023-08-28 16:00:00-04:00,2023-08-28,16:00:00,960,16
2023-08-29 16:00:00-04:00,22.31,22.31,22.28,22.3,1910212.0,75.0,22.309967,2023-08-29 16:00:00-04:00,2023-08-29,16:00:00,960,16
2023-08-30 16:00:00-04:00,22.88,22.88,22.84,22.84,927861.0,44.0,22.879991,2023-08-30 16:00:00-04:00,2023-08-30,16:00:00,960,16
2023-08-31 16:00:00-04:00,22.73,22.78,22.73,22.78,2668528.0,55.0,22.730033,2023-08-31 16:00:00-04:00,2023-08-31,16:00:00,960,16
2023-09-01 16:00:00-04:00,23.31,23.31,23.3,23.31,588624.0,45.0,23.310001,2023-09-01 16:00:00-04:00,2023-09-01,16:00:00,960,16
2023-09-05 16:00:00-04:00,23.39,23.39,23.38,23.39,746112.0,41.0,23.389993,2023-09-05 16:00:00-04:00,2023-09-05,16:00:00,960,16
2023-09-06 16:00:00-04:00,23.26,23.26,23.2,23.2,664117.0,65.0,23.259685,2023-09-06 16:00:00-04:00,2023-09-06,16:00:00,960,16
2023-09-07 16:00:00-04:00,23.42,23.42,23.38,23.38,824056.0,35.0,23.419993,2023-09-07 16:00:00-04:00,2023-09-07,16:00:00,960,16
2023-09-08 16:00:00-04:00,23.12,23.12,23.09,23.09,1063136.0,61.0,23.100069,2023-09-08 16:00:00-04:00,2023-09-08,16:00:00,960,16
2023-09-11 16:00:00-04:00,23.41,23.41,23.39,23.3994,532867.0,63.0,23.409794,2023-09-11 16:00:00-04:00,2023-09-11,16:00:00,960,16
2023-09-12 16:00:00-04:00,23.58,23.6,23.58,23.6,383434.0,44.0,23.580011,2023-09-12 16:00:00-04:00,2023-09-12,16:00:00,960,16
2023-09-13 16:00:00-04:00,23.25,23.27,23.24,23.26,725081.0,61.0,23.250002,2023-09-13 16:00:00-04:00,2023-09-13,16:00:00,960,16
2023-09-14 16:00:00-04:00,24.11,24.11,24.08,24.08,1478302.0,53.0,24.109977,2023-09-14 16:00:00-04:00,2023-09-14,16:00:00,960,16
2023-09-15 16:00:00-04:00,24.18,24.1895,24.16,24.18,14191437.0,53.0,24.180001,2023-09-15 16:00:00-04:00,2023-09-15,16:00:00,960,16
2023-09-18 16:00:00-04:00,23.7,23.75,23.7,23.75,611561.0,34.0,23.710258,2023-09-18 16:00:00-04:00,2023-09-18,16:00:00,960,16
2023-09-19 16:00:00-04:00,22.76,22.81,22.74,22.76,1071330.0,66.0,22.740104,2023-09-19 16:00:00-04:00,2023-09-19,16:00:00,960,16
2023-09-20 16:00:00-04:00,22.4,22.43,22.36,22.4059,766496.0,54.0,22.399983,2023-09-20 16:00:00-04:00,2023-09-20,16:00:00,960,16
2023-09-21 16:00:00-04:00,21.53,21.56,21.53,21.56,1210854.0,50.0,21.530039,2023-09-21 16:00:00-04:00,2023-09-21,16:00:00,960,16
2023-09-22 16:00:00-04:00,20.59,20.65,20.59,20.63,643502.0,48.0,20.590079,2023-09-22 16:00:00-04:00,2023-09-22,16:00:00,960,16
2023-09-25 16:00:00-04:00,21.13,21.13,21.1118,21.1118,600595.0,34.0,21.129978,2023-09-25 16:00:00-04:00,2023-09-25,16:00:00,960,16
2023-09-26 16:00:00-04:00,22.26,22.29,22.26,22.27,859132.0,57.0,22.260028,2023-09-26 16:00:00-04:00,2023-09-26,16:00:00,960,16
2023-09-27 16:00:00-04:00,23.05,23.05,23.04,23.04,1945400.0,68.0,23.049987,2023-09-27 16:00:00-04:00,2023-09-27,16:00:00,960,16
2023-09-28 16:00:00-04:00,23.08,23.12,23.0104,23.0104,1010124.0,36.0,23.079999,2023-09-28 16:00:00-04:00,2023-09-28,16:00:00,960,16
2023-09-29 16:00:00-04:00,24.28,24.34,24.26,24.26,1517684.0,50.0,24.280007,2023-09-29 16:00:00-04:00,2023-09-29,16:00:00,960,16
2023-10-02 16:00:00-04:00,23.66,23.66,23.6307,23.65,1003844.0,69.0,23.659871,2023-10-02 16:00:00-04:00,2023-10-02,16:00:00,960,16
2023-10-03 16:00:00-04:00,21.69,21.71,21.69,21.7,853200.0,67.0,21.69002,2023-10-03 16:00:00-04:00,2023-10-03,16:00:00,960,16
2023-10-04 16:00:00-04:00,23.69,23.73,23.6415,23.6415,780076.0,55.0,23.690081,2023-10-04 16:00:00-04:00,2023-10-04,16:00:00,960,16
2023-10-05 16:00:00-04:00,18.27,18.29,18.26,18.28,3860375.0,172.0,18.270014,2023-10-05 16:00:00-04:00,2023-10-05,16:00:00,960,16
2023-10-06 16:00:00-04:00,18.92,18.99,18.92,18.98,1070570.0,76.0,18.920799,2023-10-06 16:00:00-04:00,2023-10-06,16:00:00,960,16
2023-10-09 16:00:00-04:00,18.78,18.79,18.72,18.79,885477.0,95.0,18.779713,2023-10-09 16:00:00-04:00,2023-10-09,16:00:00,960,16
2023-10-10 16:00:00-04:00,19.64,19.6505,19.63,19.63,1473853.0,77.0,19.64001,2023-10-10 16:00:00-04:00,2023-10-10,16:00:00,960,16
2023-10-11 16:00:00-04:00,19.37,19.38,19.36,19.3617,535082.0,45.0,19.370013,2023-10-11 16:00:00-04:00,2023-10-11,16:00:00,960,16
2023-10-12 16:00:00-04:00,19.33,19.34,19.31,19.31,532480.0,50.0,19.32986,2023-10-12 16:00:00-04:00,2023-10-12,16:00:00,960,16
2023-10-13 16:00:00-04:00,19.3,19.3,19.27,19.27,595277.0,77.0,19.2998,2023-10-13 16:00:00-04:00,2023-10-13,16:00:00,960,16
2023-10-16 16:00:00-04:00,19.66,19.66,19.64,19.66,596658.0,47.0,19.659978,2023-10-16 16:00:00-04:00,2023-10-16,16:00:00,960,16
2023-10-17 16:00:00-04:00,19.9,19.9,19.9,19.9,1573020.0,38.0,19.899979,2023-10-17 16:00:00-04:00,2023-10-17,16:00:00,960,16
2023-10-18 16:00:00-04:00,18.09,18.11,18.09,18.11,636721.0,36.0,18.090033,2023-10-18 16:00:00-04:00,2023-10-18,16:00:00,960,16
2023-10-19 16:00:00-04:00,17.16,17.16,17.14,17.14,522863.0,19.0,17.159919,2023-10-19 16:00:00-04:00,2023-10-19,16:00:00,960,16
2023-10-20 16:00:00-04:00,16.72,16.74,16.72,16.73,969939.0,64.0,16.720027,2023-10-20 16:00:00-04:00,2023-10-20,16:00:00,960,16
2023-10-23 16:00:00-04:00,17.07,17.08,17.07,17.08,1841566.0,52.0,17.07138,2023-10-23 16:00:00-04:00,2023-10-23,16:00:00,960,16
2023-10-24 16:00:00-04:00,17.43,17.4374,17.4,17.43,873188.0,36.0,17.429967,2023-10-24 16:00:00-04:00,2023-10-24,16:00:00,960,16
2023-10-25 16:00:00-04:00,17.02,17.07,17.02,17.07,737766.0,42.0,17.020011,2023-10-25 16:00:00-04:00,2023-10-25,16:00:00,960,16
2023-10-26 16:00:00-04:00,16.17,16.17,16.13,16.13,667220.0,51.0,16.169928,2023-10-26 16:00:00-04:00,2023-10-26,16:00:00,960,16
2023-10-27 16:00:00-04:00,16.01,16.08,16.01,16.02,616198.0,58.0,16.010044,2023-10-27 16:00:00-04:00,2023-10-27,16:00:00,960,16
2023-10-30 16:00:00-04:00,15.72,15.72,15.69,15.69,514490.0,44.0,15.719949,2023-10-30 16:00:00-04:00,2023-10-30,16:00:00,960,16
2023-10-31 16:00:00-04:00,16.22,16.23,16.21,16.21,16645969.0,74.0,16.220001,2023-10-31 16:00:00-04:00,2023-10-31,16:00:00,960,16
2023-11-01 16:00:00-04:00,16.13,16.16,16.11,16.11,803081.0,65.0,16.129959,2023-11-01 16:00:00-04:00,2023-11-01,16:00:00,960,16
2023-11-02 16:00:00-04:00,17.59,17.61,17.5804,17.61,1050060.0,33.0,17.590033,2023-11-02 16:00:00-04:00,2023-11-02,16:00:00,960,16
2023-11-03 16:00:00-04:00,17.69,17.71,17.69,17.69,942672.0,108.0,17.709807,2023-11-03 16:00:00-04:00,2023-11-03,16:00:00,960,16
2023-11-06 16:00:00-05:00,17.18,17.2,17.17,17.2,716118.0,54.0,17.180041,2023-11-06 16:00:00-05:00,2023-11-06,16:00:00,960,16
2023-11-07 16:00:00-05:00,17.4157,17.46,17.33,17.42,687218.0,125.0,17.419135,2023-11-07 16:00:00-05:00,2023-11-07,16:00:00,960,16
2023-11-08 16:00:00-05:00,17.0,17.04,17.0,17.02,1113547.0,47.0,17.00005,2023-11-08 16:00:00-05:00,2023-11-08,16:00:00,960,16
2023-11-09 16:00:00-05:00,15.33,15.38,15.33,15.37,1482252.0,59.0,15.330221,2023-11-09 16:00:00-05:00,2023-11-09,16:00:00,960,16
2023-11-10 16:00:00-05:00,15.4,15.46,15.4,15.46,821659.0,90.0,15.400098,2023-11-10 16:00:00-05:00,2023-11-10,16:00:00,960,16
2023-11-13 16:00:00-05:00,16.19,16.21,16.15,16.15,761311.0,60.0,16.1899,2023-11-13 16:00:00-05:00,2023-11-13,16:00:00,960,16
2023-11-14 16:00:00-05:00,16.89,16.91,16.89,16.9,912528.0,53.0,16.899962,2023-11-14 16:00:00-05:00,2023-11-14,16:00:00,960,16
2023-11-15 16:00:00-05:00,17.24,17.25,17.24,17.25,1204160.0,41.0,17.240002,2023-11-15 16:00:00-05:00,2023-11-15,16:00:00,960,16
2023-11-16 16:00:00-05:00,16.39,16.41,16.36,16.41,834048.0,55.0,16.38996,2023-11-16 16:00:00-05:00,2023-11-16,16:00:00,960,16
2023-11-17 16:00:00-05:00,16.7,16.73,16.6812,16.73,956888.0,48.0,16.699996,2023-11-17 16:00:00-05:00,2023-11-17,16:00:00,960,16
2023-11-20 16:00:00-05:00,16.93,16.93,16.92,16.92,449184.0,56.0,16.929965,2023-11-20 16:00:00-05:00,2023-11-20,16:00:00,960,16
2023-11-21 16:00:00-05:00,15.72,15.75,15.72,15.74,717185.0,68.0,15.720112,2023-11-21 16:00:00-05:00,2023-11-21,16:00:00,960,16
2023-11-22 16:00:00-05:00,15.97,15.98,15.97,15.98,381170.0,32.0,15.979996,2023-11-22 16:00:00-05:00,2023-11-22,16:00:00,960,16
2023-11-24 16:00:00-05:00,16.39,16.39,16.39,16.39,206.0,4.0,16.390024,2023-11-24 16:00:00-05:00,2023-11-24,16:00:00,960,16
2023-11-27 16:00:00-05:00,16.66,16.74,16.66,16.66,1083891.0,64.0,16.660026,2023-11-27 16:00:00-05:00,2023-11-27,16:00:00,960,16
2023-11-28 16:00:00-05:00,17.42,17.43,17.31,17.34,1143428.0,129.0,17.419152,2023-11-28 16:00:00-05:00,2023-11-28,16:00:00,960,16
2023-11-29 16:00:00-05:00,17.32,17.44,17.32,17.35,686512.0,76.0,17.322583,2023-11-29 16:00:00-05:00,2023-11-29,16:00:00,960,16
2023-11-30 16:00:00-05:00,16.76,16.7885,16.76,16.7797,2386612.0,69.0,16.760062,2023-11-30 16:00:00-05:00,2023-11-30,16:00:00,960,16
2023-12-01 16:00:00-05:00,18.03,18.03,17.96,18.0,1205930.0,104.0,18.029565,2023-12-01 16:00:00-05:00,2023-12-01,16:00:00,960,16
2023-12-04 16:00:00-05:00,17.74,17.79,17.74,17.79,1008645.0,42.0,17.740089,2023-12-04 16:00:00-05:00,2023-12-04,16:00:00,960,16
2023-12-05 16:00:00-05:00,17.41,17.41,17.39,17.4,679713.0,48.0,17.409981,2023-12-05 16:00:00-05:00,2023-12-05,16:00:00,960,16
2023-12-06 16:00:00-05:00,18.37,18.39,18.37,18.3801,845955.0,51.0,18.380012,2023-12-06 16:00:00-05:00,2023-12-06,16:00:00,960,16
2023-12-07 16:00:00-05:00,19.19,19.2,19.17,19.18,1033886.0,71.0,19.18999,2023-12-07 16:00:00-05:00,2023-12-07,16:00:00,960,16
2023-12-08 16:00:00-05:00,19.04,19.06,19.04,19.06,561666.0,37.0,19.040122,2023-12-08 16:00:00-05:00,2023-12-08,16:00:00,960,16
2023-12-11 16:00:00-05:00,18.95,18.96,18.94,18.96,587784.0,48.0,18.950027,2023-12-11 16:00:00-05:00,2023-12-11,16:00:00,960,16
2023-12-12 16:00:00-05:00,18.19,18.21,18.19,18.21,879032.0,48.0,18.20999,2023-12-12 16:00:00-05:00,2023-12-12,16:00:00,960,16
2023-12-13 16:00:00-05:00,19.68,19.69,19.62,19.63,1239057.0,68.0,19.676222,2023-12-13 16:00:00-05:00,2023-12-13,16:00:00,960,16
2023-12-14 16:00:00-05:00,22.43,22.43,22.34,22.4145,2157415.0,126.0,22.429809,2023-12-14 16:00:00-05:00,2023-12-14,16:00:00,960,16
2023-12-15 16:00:00-05:00,22.83,22.85,22.73,22.77,4455563.0,100.0,22.829833,2023-12-15 16:00:00-05:00,2023-12-15,16:00:00,960,16
2023-12-18 16:00:00-05:00,23.8,23.84,23.75,23.77,1730492.0,101.0,23.799851,2023-12-18 16:00:00-05:00,2023-12-18,16:00:00,960,16
2023-12-19 16:00:00-05:00,24.35,24.35,24.23,24.24,3327190.0,71.0,24.349926,2023-12-19 16:00:00-05:00,2023-12-19,16:00:00,960,16
2023-12-20 16:00:00-05:00,23.17,23.18,23.07,23.0703,813180.0,161.0,23.178105,2023-12-20 16:00:00-05:00,2023-12-20,16:00:00,960,16
2023-12-21 16:00:00-05:00,23.58,23.6,23.53,23.53,603941.0,50.0,23.579809,2023-12-21 16:00:00-05:00,2023-12-21,16:00:00,960,16
2023-12-22 16:00:00-05:00,23.21,23.24,23.21,23.22,580735.0,39.0,23.21006,2023-12-22 16:00:00-05:00,2023-12-22,16:00:00,960,16
2023-12-26 16:00:00-05:00,23.59,23.66,23.59,23.63,658828.0,67.0,23.590447,2023-12-26 16:00:00-05:00,2023-12-26,16:00:00,960,16
2023-12-27 16:00:00-05:00,23.73,23.73,23.6,23.69,756142.0,92.0,23.729536,2023-12-27 16:00:00-05:00,2023-12-27,16:00:00,960,16
2023-12-28 16:00:00-05:00,23.53,23.56,23.51,23.56,625284.0,50.0,23.539913,2023-12-28 16:00:00-05:00,2023-12-28,16:00:00,960,16
2023-12-29 16:00:00-05:00,23.48,23.48,23.44,23.46,980038.0,61.0,23.459977,2023-12-29 16:00:00-05:00,2023-12-29,16:00:00,960,16
2024-01-02 16:00:00-05:00,21.1,21.11,21.08,21.0998,1174229.0,42.0,21.099979,2024-01-02 16:00:00-05:00,2024-01-02,16:00:00,960,16
2024-01-03 16:00:00-05:00,20.32,20.32,20.32,20.32,1070450.0,21.0,20.320002,2024-01-03 16:00:00-05:00,2024-01-03,16:00:00,960,16
2024-01-04 16:00:00-05:00,19.5,19.52,19.5,19.52,1348912.0,80.0,19.500016,2024-01-04 16:00:00-05:00,2024-01-04,16:00:00,960,16
2024-01-05 16:00:00-05:00,19.08,19.09,19.08,19.09,1040004.0,55.0,19.080013,2024-01-05 16:00:00-05:00,2024-01-05,16:00:00,960,16
2024-01-08 16:00:00-05:00,19.58,19.58,19.57,19.57,703324.0,35.0,19.579988,2024-01-08 16:00:00-05:00,2024-01-08,16:00:00,960,16
2024-01-09 16:00:00-05:00,19.25,19.283,19.24,19.25,482681.0,41.0,19.249999,2024-01-09 16:00:00-05:00,2024-01-09,16:00:00,960,16
2024-01-10 16:00:00-05:00,19.07,19.1298,19.07,19.07,796513.0,86.0,19.070461,2024-01-10 16:00:00-05:00,2024-01-10,16:00:00,960,16
2024-01-11 16:00:00-05:00,18.79,18.81,18.79,18.8,625503.0,49.0,18.790064,2024-01-11 16:00:00-05:00,2024-01-11,16:00:00,960,16
2024-01-12 16:00:00-05:00,18.04,18.13,18.02,18.07,1516841.0,101.0,18.060121,2024-01-12 16:00:00-05:00,2024-01-12,16:00:00,960,16
2024-01-16 16:00:00-05:00,17.82,17.87,17.82,17.82,871635.0,71.0,17.820103,2024-01-16 16:00:00-05:00,2024-01-16,16:00:00,960,16
2024-01-17 16:00:00-05:00,16.76,16.78,16.74,16.77,960722.0,87.0,16.759976,2024-01-17 16:00:00-05:00,2024-01-17,16:00:00,960,16
2024-01-18 16:00:00-05:00,15.73,15.74,15.69,15.69,1202817.0,95.0,15.739895,2024-01-18 16:00:00-05:00,2024-01-18,16:00:00,960,16
2024-01-19 16:00:00-05:00,15.48,15.53,15.4604,15.51,1832145.0,63.0,15.480142,2024-01-19 16:00:00-05:00,2024-01-19,16:00:00,960,16
2024-01-22 16:00:00-05:00,16.03,16.03,16.01,16.02,690378.0,47.0,16.029928,2024-01-22 16:00:00-05:00,2024-01-22,16:00:00,960,16
2024-01-23 16:00:00-05:00,16.04,16.07,16.04,16.07,1495448.0,47.0,16.040034,2024-01-23 16:00:00-05:00,2024-01-23,16:00:00,960,16
2024-01-24 16:00:00-05:00,15.33,15.38,15.33,15.38,562596.0,55.0,15.340111,2024-01-24 16:00:00-05:00,2024-01-24,16:00:00,960,16
2024-01-25 16:00:00-05:00,15.0,15.0,14.99,14.99,920202.0,45.0,14.999986,2024-01-25 16:00:00-05:00,2024-01-25,16:00:00,960,16
2024-01-26 16:00:00-05:00,15.28,15.32,15.28,15.31,831412.0,62.0,15.290042,2024-01-26 16:00:00-05:00,2024-01-26,16:00:00,960,16
2024-01-29 16:00:00-05:00,16.12,16.14,16.12,16.12,2455147.0,46.0,16.120002,2024-01-29 16:00:00-05:00,2024-01-29,16:00:00,960,16
2024-01-30 16:00:00-05:00,15.66,15.66,15.65,15.66,1799344.0,66.0,15.660001,2024-01-30 16:00:00-05:00,2024-01-30,16:00:00,960,16
2024-01-31 16:00:00-05:00,15.31,15.4463,15.31,15.4,1198415.0,79.0,15.310501,2024-01-31 16:00:00-05:00,2024-01-31,16:00:00,960,16
2024-02-01 16:00:00-05:00,15.53,15.55,15.53,15.55,611922.0,34.0,15.530011,2024-02-01 16:00:00-05:00,2024-02-01,16:00:00,960,16
2024-02-02 16:00:00-05:00,15.6,15.61,15.58,15.61,602487.0,46.0,15.599945,2024-02-02 16:00:00-05:00,2024-02-02,16:00:00,960,16
2024-02-05 16:00:00-05:00,14.94,14.96,14.87,14.96,835069.0,58.0,14.939981,2024-02-05 16:00:00-05:00,2024-02-05,16:00:00,960,16
2024-02-06 16:00:00-05:00,15.5,15.5,15.47,15.47,760927.0,56.0,15.499872,2024-02-06 16:00:00-05:00,2024-02-06,16:00:00,960,16
2024-02-07 16:00:00-05:00,15.17,15.2,15.17,15.17,681755.0,63.0,15.170053,2024-02-07 16:00:00-05:00,2024-02-07,16:00:00,960,16
2024-02-08 16:00:00-05:00,16.11,16.11,16.06,16.08,23548976.0,57.0,16.01354,2024-02-08 16:00:00-05:00,2024-02-08,16:00:00,960,16
2024-02-09 16:00:00-05:00,16.68,16.68,16.66,16.66,1178959.0,61.0,16.679968,2024-02-09 16:00:00-05:00,2024-02-09,16:00:00,960,16
2024-02-12 16:00:00-05:00,16.33,16.3303,16.33,16.3303,1123527.0,48.0,16.330001,2024-02-12 16:00:00-05:00,2024-02-12,16:00:00,960,16
2024-02-13 16:00:00-05:00,15.39,15.4,15.38,15.38,998784.0,70.0,15.380031,2024-02-13 16:00:00-05:00,2024-02-13,16:00:00,960,16
2024-02-14 16:00:00-05:00,15.54,15.5694,15.5244,15.54,1375433.0,41.0,15.540006,2024-02-14 16:00:00-05:00,2024-02-14,16:00:00,960,16
2024-02-15 16:00:00-05:00,16.35,16.35,16.3,16.35,922809.0,117.0,16.349815,2024-02-15 16:00:00-05:00,2024-02-15,16:00:00,960,16
2024-02-16 16:00:00-05:00,16.31,16.31,16.3,16.3,573601.0,26.0,16.299999,2024-02-16 16:00:00-05:00,2024-02-16,16:00:00,960,16
2024-02-20 16:00:00-05:00,15.89,15.89,15.89,15.89,1009765.0,28.0,15.89,2024-02-20 16:00:00-05:00,2024-02-20,16:00:00,960,16
2024-02-21 16:00:00-05:00,15.41,15.45,15.39,15.44,1115071.0,88.0,15.390239,2024-02-21 16:00:00-05:00,2024-02-21,16:00:00,960,16
2024-02-22 16:00:00-05:00,11.45,11.46,11.45,11.46,1926183.0,76.0,11.450051,2024-02-22 16:00:00-05:00,2024-02-22,16:00:00,960,16
2024-02-23 16:00:00-05:00,10.065,10.1,10.06,10.1,2273087.0,171.0,10.07205,2024-02-23 16:00:00-05:00,2024-02-23,16:00:00,960,16
2024-02-26 16:00:00-05:00,10.7,10.7,10.69,10.69,1464183.0,57.0,10.700001,2024-02-26 16:00:00-05:00,2024-02-26,16:00:00,960,16
2024-02-27 16:00:00-05:00,11.13,11.1598,11.04,11.12,1467636.0,197.0,11.138915,2024-02-27 16:00:00-05:00,2024-02-27,16:00:00,960,16
2024-02-28 16:00:00-05:00,11.3,11.3,11.29,11.29,1145378.0,37.0,11.299998,2024-02-28 16:00:00-05:00,2024-02-28,16:00:00,960,16
2024-02-29 16:00:00-05:00,11.31,11.3299,11.31,11.31,3695952.0,63.0,11.320038,2024-02-29 16:00:00-05:00,2024-02-29,16:00:00,960,16
2024-03-01 16:00:00-05:00,11.36,11.36,11.35,11.35,1049210.0,58.0,11.350014,2024-03-01 16:00:00-05:00,2024-03-01,16:00:00,960,16
2024-03-04 16:00:00-05:00,10.91,10.91,10.88,10.88,1398248.0,79.0,10.909963,2024-03-04 16:00:00-05:00,2024-03-04,16:00:00,960,16
2024-03-05 16:00:00-05:00,10.93,10.94,10.92,10.92,1109223.0,67.0,10.930004,2024-03-05 16:00:00-05:00,2024-03-05,16:00:00,960,16
2024-03-06 16:00:00-05:00,11.03,11.03,10.98,11.02,1260639.0,53.0,11.029986,2024-03-06 16:00:00-05:00,2024-03-06,16:00:00,960,16
2024-03-07 16:00:00-05:00,12.4925,12.53,12.48,12.53,2112547.0,288.0,12.509857,2024-03-07 16:00:00-05:00,2024-03-07,16:00:00,960,16
2024-03-08 16:00:00-05:00,12.78,12.82,12.78,12.8,1236681.0,93.0,12.780961,2024-03-08 16:00:00-05:00,2024-03-08,16:00:00,960,16
2024-03-11 16:00:00-04:00,12.69,12.7,12.68,12.7,1144925.0,92.0,12.689991,2024-03-11 16:00:00-04:00,2024-03-11,16:00:00,960,16
2024-03-12 16:00:00-04:00,12.37,12.4,12.37,12.4,1055106.0,38.0,12.370097,2024-03-12 16:00:00-04:00,2024-03-12,16:00:00,960,16
